Employee.Name,PerfScore,PerformanceScore,GenderID,Salary,Termd,PositionID,Position,State,Zip,DOB,MaritalDesc,CitizenDesc,HispanicLatino,RaceDesc,DateofHire,DateofTermination,TermReason,EmploymentStatus,Department,RecruitmentSource,EngagementSurvey,EmpSatisfaction,SpecialProjectsCount,DaysLateLast30,Absences,ManPos,TechLev,JobStr,ProjColl,ProjSelf,ProjLead,TeamIden,OrgIden,CarOpp,PsySafe,Feedback,Trust,Network,Remote,AIUse,AIConf,TrainHours,WLF,InnoCont
"Adinolfi, Wilson K",4,Exceeds,1,62506,0,19,Production Technician I,MA,1960,7/10/1983,Single,US Citizen,No,White,7/5/2011,,N/A-StillEmployed,Active,Production,LinkedIn,4.6,5,0,0,1,0,5,3,4,5,5,4,3,3,2,4,4,4,On-site,2,2,88,4,5
"Ait Sidi, Karthikeyan",3,Fully Meets,1,104437,1,27,Sr. DBA,MA,2148,5/5/1975,Married,US Citizen,No,White,3/30/2015,6/16/2020,career change,Voluntarily Terminated,IT/IS,Indeed,4.96,3,6,0,17,1,8,4,1,4,3,2,3,4,1,2,2,3,On-site,5,3,128,3,5
"Akinkuolie, Sarah",3,Fully Meets,0,64955,1,20,Production Technician II,MA,1810,9/19/1988,Married,US Citizen,No,White,7/5/2011,9/24/2016,hours,Voluntarily Terminated,Production,LinkedIn,03.02,3,0,0,3,0,4,4,2,1,3,1,1,1,1,1,2,2,On-site,2,1,53,3,3
"Alagbe,Trina",3,Fully Meets,0,64991,0,19,Production Technician I,MA,1886,9/27/1988,Married,US Citizen,No,White,1/7/2008,,N/A-StillEmployed,Active,Production,Indeed,4.84,5,0,0,15,0,6,2,3,4,3,4,4,4,3,3,3,3,On-site,2,2,69,3,3
"Anderson, Carol",3,Fully Meets,0,50825,1,19,Production Technician I,MA,2169,9/8/1989,Divorced,US Citizen,No,White,7/11/2011,9/6/2020,return to school,Voluntarily Terminated,Production,Google Search,5,4,0,0,2,0,4,4,3,2,1,4,3,1,3,3,3,3,Hybrid,2,2,55,4,2
"Anderson, Linda",4,Exceeds,0,57568,0,19,Production Technician I,MA,1844,5/22/1977,Single,US Citizen,No,White,1/9/2012,,N/A-StillEmployed,Active,Production,LinkedIn,5,5,0,0,15,0,6,1,5,4,5,4,3,3,3,4,3,4,Hybrid,2,2,92,4,5
"Andreola, Colby",3,Fully Meets,0,95660,0,24,Software Engineer,MA,2110,5/24/1979,Single,US Citizen,No,White,#########,,N/A-StillEmployed,Active,Software Engineering,LinkedIn,03.04,3,4,0,19,0,3,4,4,2,3,2,2,1,3,3,3,2,Fully Remote,3,3,80,3,3
"Athwal, Sam",3,Fully Meets,1,59365,0,19,Production Technician I,MA,2199,2/18/1983,Widowed,US Citizen,No,White,9/30/2013,,N/A-StillEmployed,Active,Production,Employee Referral,5,4,0,0,19,0,7,5,3,4,3,3,4,4,3,5,4,3,On-site,3,2,90,3,4
"Bachiochi, Linda",3,Fully Meets,0,47837,0,19,Production Technician I,MA,1902,2/11/1970,Single,US Citizen,No,Black or African American,7/6/2009,,N/A-StillEmployed,Active,Production,Diversity Job Fair,4.46,3,0,0,4,0,6,3,4,1,2,2,2,1,4,3,5,2,On-site,3,1,42,4,3
"Bacong, Alejandro",3,Fully Meets,1,50178,0,14,IT Support,MA,1886,1/7/1988,Divorced,US Citizen,No,White,1/5/2015,,N/A-StillEmployed,Active,IT/IS,Indeed,5,5,6,0,16,1,4,2,2,5,4,4,4,5,1,3,3,4,Hybrid,4,4,109,4,3
"Baczenski, Rachael",3,Fully Meets,0,54670,1,19,Production Technician I,MA,1902,1/12/1974,Married,US Citizen,Yes,Black or African American,1/10/2011,1/12/2021,Another position,Voluntarily Terminated,Production,Diversity Job Fair,4.2,4,0,0,12,0,5,4,2,3,4,3,2,1,3,3,2,2,Fully Remote,2,1,42,3,4
"Barbara, Thomas",3,Fully Meets,1,47211,1,19,Production Technician I,MA,2062,2/21/1974,Married,US Citizen,Yes,Black or African American,4/2/2012,9/19/2020,unhappy,Voluntarily Terminated,Production,Diversity Job Fair,4.2,3,0,0,15,0,7,4,1,3,3,4,2,2,1,2,3,2,On-site,3,2,43,2,3
"Barbossa, Hector",4,Exceeds,1,92328,0,9,Data Analyst,TX,78230,7/4/1988,Divorced,US Citizen,No,Black or African American,#########,,N/A-StillEmployed,Active,IT/IS,Diversity Job Fair,4.28,4,5,0,9,1,3,3,4,4,4,4,1,3,2,3,4,3,On-site,3,2,96,3,3
"Barone, Francesco A",3,Fully Meets,1,58709,0,19,Production Technician I,MA,1810,7/20/1983,Single,US Citizen,No,Two or more races,2/20/2012,,N/A-StillEmployed,Active,Production,Google Search,4.6,4,0,0,7,0,6,3,3,3,3,2,3,4,1,5,4,5,Hybrid,2,2,64,4,3
"Barton, Nader",3,Fully Meets,1,52505,1,19,Production Technician I,MA,2747,7/15/1977,Divorced,US Citizen,No,White,9/24/2012,4/6/2021,Another position,Voluntarily Terminated,Production,On-line Web application,5,5,0,0,1,0,8,1,3,4,4,3,3,4,1,3,3,4,Hybrid,3,3,73,5,3
"Bates, Norman",3,Fully Meets,1,57834,1,19,Production Technician I,MA,2050,#########,Single,US Citizen,No,White,2/21/2011,8/4/2021,attendance,Terminated for Cause,Production,Google Search,5,4,0,0,20,0,2,2,4,3,2,5,2,1,4,3,3,3,Hybrid,2,1,43,3,2
"Beak, Kimberly",4,Exceeds,0,70131,0,20,Production Technician II,MA,2145,4/17/1966,Married,US Citizen,No,White,7/21/2016,,N/A-StillEmployed,Active,Production,Employee Referral,4.4,3,0,0,16,0,4,4,3,4,5,3,3,3,2,2,3,3,On-site,2,1,60,3,3
"Beatrice, Courtney",3,Fully Meets,0,59026,0,19,Production Technician I,MA,1915,#########,Single,Eligible NonCitizen,No,White,4/4/2011,,N/A-StillEmployed,Active,Production,Google Search,5,5,0,0,12,0,1,3,5,4,3,4,4,2,5,4,4,3,On-site,1,1,30,3,2
"Becker, Renee",3,Fully Meets,0,110000,1,8,Database Administrator,MA,2026,4/4/1986,Single,US Citizen,Yes,White,7/7/2014,9/12/2019,performance,Terminated for Cause,IT/IS,Google Search,4.5,4,5,0,8,1,3,2,2,3,2,3,3,1,3,2,3,2,Hybrid,2,2,106,4,3
"Becker, Scott",3,Fully Meets,1,53250,0,19,Production Technician I,MA,2452,4/6/1979,Single,US Citizen,No,Asian,7/8/2013,,N/A-StillEmployed,Active,Production,LinkedIn,4.2,4,0,0,13,1,8,3,5,4,3,2,2,2,3,5,4,4,Hybrid,3,3,60,4,3
"Bernstein, Sean",3,Fully Meets,1,51044,0,19,Production Technician I,MA,2072,#########,Single,US Citizen,Yes,White,4/2/2012,,N/A-StillEmployed,Active,Production,Google Search,5,3,0,0,13,0,3,4,3,3,2,4,2,3,1,1,5,3,On-site,1,1,40,2,2
"Biden, Lowan M",3,Fully Meets,0,64919,0,19,Production Technician I,MA,2027,#########,Divorced,US Citizen,No,Asian,8/19/2013,,N/A-StillEmployed,Active,Production,Indeed,4.2,3,0,0,2,0,4,3,2,2,3,2,4,2,2,3,4,2,Hybrid,1,1,46,5,3
"Billis, Helen",4,Exceeds,0,62910,0,19,Production Technician I,MA,2031,9/1/1989,Married,US Citizen,No,White,7/7/2014,,N/A-StillEmployed,Active,Production,Indeed,5,3,0,0,19,0,9,3,3,3,4,5,2,3,3,2,3,2,Hybrid,4,3,105,3,5
"Blount, Dianna",2,Needs Improvement,0,66441,0,20,Production Technician II,MA,2171,9/21/1990,Single,US Citizen,No,White,4/4/2011,,N/A-StillEmployed,Active,Production,CareerBuilder,2,3,0,2,3,0,2,5,3,2,2,1,3,1,2,3,2,2,On-site,2,1,0,2,1
"Bondwell, Betsy",3,Fully Meets,0,57815,1,20,Production Technician II,MA,2210,1/16/1967,Single,US Citizen,No,White,1/10/2011,4/4/2018,career change,Voluntarily Terminated,Production,Google Search,4.8,5,0,0,5,0,4,2,3,3,2,4,3,2,3,4,3,3,On-site,2,2,74,4,2
"Booth, Frank",3,Fully Meets,1,103613,1,30,Enterprise Architect,CT,6033,7/30/1964,Single,US Citizen,No,Black or African American,2/17/2014,2/19/2020,Learned that he is a gangster,Terminated for Cause,IT/IS,LinkedIn,3.5,5,7,0,2,1,4,4,2,4,3,2,3,4,2,4,2,3,On-site,3,3,109,4,3
"Boutwell, Bonalyn",3,Fully Meets,0,106367,0,26,Sr. Accountant,MA,2468,4/4/1987,Married,US Citizen,No,Black or African American,2/16/2015,,N/A-StillEmployed,Active,Admin Offices,Diversity Job Fair,5,4,3,0,4,1,4,2,4,4,4,3,3,3,2,2,4,4,Hybrid,2,1,90,4,4
"Bozzi, Charles",3,Fully Meets,1,74312,1,18,Production Manager,MA,1901,3/10/1970,Single,US Citizen,No,Asian,9/30/2013,8/7/2018,retiring,Voluntarily Terminated,Production,Indeed,3.39,3,0,0,14,1,7,4,1,2,2,2,2,3,1,2,2,1,On-site,4,3,76,3,3
"Brill, Donna",3,Fully Meets,0,53492,1,19,Production Technician I,MA,1701,8/24/1990,Married,US Citizen,No,White,4/2/2012,6/15/2017,Another position,Voluntarily Terminated,Production,Google Search,3.35,4,0,0,6,0,5,2,3,3,2,3,2,1,3,3,1,3,On-site,2,2,60,3,3
"Brown, Mia",3,Fully Meets,0,63000,0,1,Accountant I,MA,1450,#########,Married,US Citizen,No,Black or African American,#########,,N/A-StillEmployed,Active,Admin Offices,Diversity Job Fair,4.5,2,6,0,14,1,5,3,3,3,4,3,2,2,2,1,3,3,Fully Remote,3,1,105,3,3
"Buccheri, Joseph",3,Fully Meets,1,65288,0,20,Production Technician II,MA,1013,7/28/1983,Single,US Citizen,No,White,9/29/2014,,N/A-StillEmployed,Active,Production,Google Search,3.19,3,0,0,9,1,6,4,2,3,2,2,3,2,1,3,3,2,On-site,2,1,104,3,2
"Bugali, Josephine",3,Fully Meets,0,64375,0,19,Production Technician I,MA,2043,#########,Separated,US Citizen,No,Black or African American,#########,,N/A-StillEmployed,Active,Production,Diversity Job Fair,3.5,5,0,0,17,0,2,4,1,3,3,2,4,5,1,2,3,2,Hybrid,1,1,6,3,3
"Bunbury, Jessica",3,Fully Meets,0,74326,1,3,Area Sales Manager,VA,21851,6/1/1964,Married,Eligible NonCitizen,No,Black or African American,8/15/2011,8/2/2018,Another position,Voluntarily Terminated,Sales,Google Search,3.14,5,0,1,19,0,1,3,3,2,4,4,3,1,2,3,2,2,Fully Remote,2,1,33,4,2
"Burke, Joelle",3,Fully Meets,0,63763,0,20,Production Technician II,MA,2148,3/2/1980,Single,US Citizen,No,Black or African American,3/5/2012,,N/A-StillEmployed,Active,Production,Employee Referral,4.51,4,0,0,3,0,8,3,3,3,3,4,4,4,3,3,4,4,On-site,3,3,73,3,3
"Burkett, Benjamin",3,Fully Meets,1,62162,0,20,Production Technician II,MA,1890,8/19/1977,Married,US Citizen,No,White,4/4/2011,,N/A-StillEmployed,Active,Production,Indeed,3.25,5,0,0,15,0,6,2,2,5,3,4,4,4,3,5,3,2,On-site,2,2,51,4,3
"Cady, Max",3,Fully Meets,1,77692,0,25,Software Engineering Manager,MA,2184,#########,Single,US Citizen,No,White,8/15/2011,,N/A-StillEmployed,Active,Software Engineering,Google Search,3.84,3,5,0,4,1,4,4,4,3,2,5,2,2,2,3,4,4,On-site,4,4,86,4,3
"Candie, Calvin",4,Exceeds,1,72640,0,18,Production Manager,MA,2169,8/9/1983,Single,US Citizen,No,White,1/28/2016,,N/A-StillEmployed,Active,Production,Indeed,5,3,0,0,14,1,9,3,3,3,4,2,3,4,2,4,3,4,Hybrid,3,3,107,2,3
"Carabbio, Judith",3,Fully Meets,0,93396,0,24,Software Engineer,MA,2132,4/5/1987,Single,US Citizen,No,White,#########,,N/A-StillEmployed,Active,Software Engineering,Indeed,4.96,4,6,0,3,0,6,2,4,4,3,4,3,3,4,4,4,4,Fully Remote,5,4,88,5,4
"Carey, Michael",3,Fully Meets,1,52846,0,19,Production Technician I,MA,1701,2/2/1983,Single,US Citizen,No,Black or African American,3/31/2014,,N/A-StillEmployed,Active,Production,LinkedIn,4.43,3,0,0,14,0,4,3,2,3,2,3,2,4,2,3,4,2,On-site,2,1,8,3,3
"Carr, Claudia N",3,Fully Meets,0,100031,0,27,Sr. DBA,MA,1886,6/6/1986,Single,US Citizen,No,Black or African American,6/30/2016,,N/A-StillEmployed,Active,IT/IS,LinkedIn,5,5,6,0,7,1,6,4,3,3,3,4,3,5,2,3,5,4,Hybrid,4,4,129,4,3
"Carter, Michelle",3,Fully Meets,0,71860,0,3,Area Sales Manager,VT,5664,5/15/1963,Single,US Citizen,No,White,8/18/2014,,N/A-StillEmployed,Active,Sales,Indeed,5,5,0,0,7,0,4,3,4,3,4,4,3,3,4,4,4,4,Fully Remote,2,2,35,4,3
"Chace, Beatrice",3,Fully Meets,0,61656,0,19,Production Technician I,MA,2763,1/2/1951,Single,US Citizen,No,White,9/29/2014,,N/A-StillEmployed,Active,Production,Google Search,5,4,0,0,11,0,5,3,2,3,4,3,4,5,1,1,4,3,On-site,2,2,52,2,3
"Champaigne, Brian",3,Fully Meets,1,110929,0,5,BI Director,MA,2045,2/9/1972,Married,US Citizen,No,White,9/6/2016,,N/A-StillEmployed,Active,IT/IS,Indeed,4.5,5,7,0,8,1,7,2,4,5,2,3,4,3,4,5,4,3,Fully Remote,4,4,127,4,3
"Chan, Lin",3,Fully Meets,0,54237,0,19,Production Technician I,MA,2170,2/12/1979,Single,US Citizen,No,White,5/12/2014,,N/A-StillEmployed,Active,Production,Indeed,3.3,4,0,0,11,0,2,2,2,2,3,3,2,3,3,1,3,2,On-site,1,1,24,4,3
"Chang, Donovan E",3,Fully Meets,1,60380,0,19,Production Technician I,MA,1845,8/24/1983,Single,US Citizen,No,White,7/8/2013,,N/A-StillEmployed,Active,Production,LinkedIn,3.8,5,0,0,4,1,5,2,4,3,2,3,2,3,2,4,4,3,On-site,2,2,72,5,2
"Chigurh, Anton",3,Fully Meets,1,66808,0,3,Area Sales Manager,TX,78207,6/11/1970,Single,Eligible NonCitizen,No,Black or African American,5/14/2012,,N/A-StillEmployed,Active,Sales,Employee Referral,3,5,0,0,17,0,9,2,3,4,3,2,3,3,1,3,4,3,Hybrid,4,3,29,4,3
"Chivukula, Enola",3,Fully Meets,0,64786,1,19,Production Technician I,MA,1775,8/27/1983,Single,US Citizen,No,White,6/27/2011,#########,relocation out of area,Voluntarily Terminated,Production,Indeed,4.3,4,0,0,3,0,3,2,3,2,4,5,1,1,2,2,3,2,On-site,1,1,54,4,3
"Cierpiszewski, Caroline",3,Fully Meets,0,64816,0,19,Production Technician I,MA,2044,5/31/1988,Single,Non-Citizen,No,Black or African American,10/3/2011,,N/A-StillEmployed,Active,Production,Indeed,3.58,5,0,0,3,0,7,3,3,2,2,2,3,3,3,4,4,2,On-site,3,3,81,3,3
"Clayton, Rick",3,Fully Meets,1,68678,0,14,IT Support,MA,2170,9/5/1985,Single,US Citizen,No,White,9/5/2012,,N/A-StillEmployed,Active,IT/IS,Indeed,4.7,3,6,0,2,1,6,4,3,4,2,3,2,3,2,3,3,3,Hybrid,4,4,75,4,2
"Cloninger, Jennifer",3,Fully Meets,0,64066,1,20,Production Technician II,MA,1752,8/31/1981,Married,US Citizen,No,White,5/16/2011,1/7/2017,unhappy,Voluntarily Terminated,Production,Google Search,4.2,5,0,0,9,0,5,2,2,3,4,3,3,2,2,3,3,4,Hybrid,3,2,41,4,3
"Close, Phil",3,Fully Meets,1,59369,1,20,Production Technician II,MA,2169,#########,Married,US Citizen,No,White,8/30/2010,9/26/2015,career change,Voluntarily Terminated,Production,Indeed,4.2,4,0,0,6,0,8,4,1,4,3,2,3,4,1,3,1,3,On-site,3,2,40,3,4
"Clukey, Elijian",4,Exceeds,1,50373,0,19,Production Technician I,MA,2134,8/26/1980,Married,US Citizen,No,White,7/6/2016,,N/A-StillEmployed,Active,Production,Employee Referral,4.1,4,0,0,5,0,8,3,3,4,5,4,2,3,1,3,4,3,On-site,3,3,81,3,5
"Cockel, James",3,Fully Meets,1,63108,0,19,Production Technician I,MA,2452,9/8/1977,Single,US Citizen,No,White,7/8/2013,,N/A-StillEmployed,Active,Production,Employee Referral,4.4,5,0,0,3,0,5,2,3,4,3,3,4,4,2,5,3,4,On-site,2,3,62,4,3
"Cole, Spencer",2,Needs Improvement,1,59144,1,19,Production Technician I,MA,1880,8/12/1979,Single,US Citizen,No,Black or African American,7/11/2011,9/23/2020,performance,Terminated for Cause,Production,LinkedIn,2,3,0,5,16,0,6,5,2,3,2,2,1,1,1,3,1,2,On-site,3,2,54,1,2
"Corleone, Michael",2,Needs Improvement,1,68051,0,18,Production Manager,MA,1803,#########,Divorced,US Citizen,No,White,7/20/2010,,N/A-StillEmployed,Active,Production,CareerBuilder,4.13,2,0,3,3,1,5,4,4,2,2,4,3,2,3,3,3,4,On-site,2,2,77,3,2
"Corleone, Vito",4,Exceeds,1,170500,0,10,Director of Operations,MA,2030,3/19/1983,Single,US Citizen,No,Black or African American,1/5/2009,,N/A-StillEmployed,Active,Production,Indeed,3.7,5,0,0,15,1,6,3,4,3,5,3,2,3,3,5,4,3,On-site,2,3,126,3,4
"Cornett, Lisa",3,Fully Meets,0,63381,0,19,Production Technician I,MA,2189,3/31/1977,Married,US Citizen,Yes,White,1/5/2015,,N/A-StillEmployed,Active,Production,Indeed,4.73,5,0,0,6,0,4,4,3,4,4,4,4,3,5,4,3,3,Hybrid,1,1,40,4,3
"Costello, Frank",3,Fully Meets,1,83552,0,9,Data Analyst,MA,1810,8/26/1986,Married,US Citizen,No,White,3/30/2015,,N/A-StillEmployed,Active,IT/IS,Indeed,03.04,3,6,0,2,1,3,2,2,4,2,3,3,3,2,3,3,2,Fully Remote,3,2,72,5,3
"Crimmings, Jean",3,Fully Meets,0,56149,0,19,Production Technician I,MA,1821,4/10/1987,Single,US Citizen,No,White,7/6/2016,,N/A-StillEmployed,Active,Production,LinkedIn,4.12,5,0,0,15,0,2,3,3,3,3,3,4,4,2,2,3,3,Fully Remote,1,1,32,4,2
"Cross, Noah",3,Fully Meets,1,92329,0,28,Sr. Network Engineer,CT,6278,9/9/1965,Single,US Citizen,No,White,#########,,N/A-StillEmployed,Active,IT/IS,Employee Referral,5,3,4,0,5,1,8,4,1,3,2,3,4,4,3,5,3,3,Fully Remote,5,5,122,4,3
"Daneault, Lynn",3,Fully Meets,0,65729,0,21,Sales Manager,VT,5473,4/19/1990,Single,US Citizen,No,White,5/5/2014,,N/A-StillEmployed,Active,Sales,Indeed,4.62,4,0,0,8,0,3,2,3,4,2,4,3,2,3,3,4,4,Hybrid,3,1,15,5,2
"Daniele, Ann",3,Fully Meets,0,85028,0,28,Sr. Network Engineer,CT,6033,1/18/1952,Married,US Citizen,No,White,#########,,N/A-StillEmployed,Active,IT/IS,LinkedIn,3.1,5,8,0,19,1,3,4,3,4,5,3,4,3,3,4,3,3,Hybrid,3,2,138,3,4
"Darson, Jene'ya",3,Fully Meets,0,57583,0,19,Production Technician I,MA,2110,11/5/1978,Married,US Citizen,No,White,7/2/2012,,N/A-StillEmployed,Active,Production,Indeed,5,3,0,0,1,0,7,3,3,4,4,5,3,3,3,2,4,4,On-site,3,3,77,3,3
"Davis, Daniel",3,Fully Meets,1,56294,0,20,Production Technician II,MA,2458,9/14/1979,Single,Eligible NonCitizen,No,Two or more races,11/7/2011,,N/A-StillEmployed,Active,Production,LinkedIn,3.96,4,0,0,6,0,8,4,3,3,2,2,2,3,3,4,3,2,On-site,3,3,60,3,2
"Dee, Randy",1,Fully Meets,1,56991,0,19,Production Technician I,MA,2138,4/15/1988,Married,US Citizen,No,White,7/9/2018,,N/A-StillEmployed,Active,Production,Indeed,4.3,4,3,2,2,0,5,2,2,4,1,5,4,4,3,4,4,2,On-site,2,2,10,5,1
"DeGweck, James",3,Fully Meets,1,55722,1,19,Production Technician I,MA,1810,#########,Married,US Citizen,No,White,5/16/2011,6/8/2020,unhappy,Voluntarily Terminated,Production,Indeed,5,4,0,0,14,0,2,4,3,4,4,3,3,2,3,5,3,3,On-site,2,1,21,2,3
"Del Bosque, Keyla",3,Fully Meets,0,101199,0,24,Software Engineer,MA,2176,7/5/1979,Single,US Citizen,No,Black or African American,1/9/2012,,N/A-StillEmployed,Active,Software Engineering,CareerBuilder,3.79,5,5,0,8,0,5,2,5,3,3,5,2,2,4,3,4,3,Fully Remote,3,3,76,5,3
"Delarge, Alex",1,PIP,1,61568,0,3,Area Sales Manager,AL,36006,11/2/1975,Single,US Citizen,No,Two or more races,9/29/2014,,N/A-StillEmployed,Active,Sales,Indeed,1.93,3,0,6,5,0,4,3,2,3,1,2,2,2,2,3,2,2,On-site,2,3,0,3,1
"Demita, Carla",3,Fully Meets,0,58275,1,20,Production Technician II,MA,2343,2/25/1951,Separated,US Citizen,No,Black or African American,4/4/2011,11/4/2019,more money,Voluntarily Terminated,Production,Google Search,4.62,5,0,0,1,0,3,3,3,2,2,4,2,2,4,4,3,2,Hybrid,1,1,59,4,2
"Desimone, Carl",1,PIP,1,53189,0,19,Production Technician I,MA,2061,4/19/1967,Married,US Citizen,No,White,7/7/2014,,N/A-StillEmployed,Active,Production,Indeed,1.12,2,0,4,9,0,6,4,3,2,1,3,2,1,1,2,1,1,On-site,2,1,8,2,1
"DeVito, Tommy",3,Fully Meets,1,96820,0,4,BI Developer,MA,2045,9/4/1983,Single,US Citizen,No,White,2/15/2017,,N/A-StillEmployed,Active,IT/IS,Indeed,03.01,5,7,0,15,0,4,3,3,4,3,3,2,3,2,5,3,2,On-site,3,2,90,3,2
"Dickinson, Geoff",3,Fully Meets,1,51259,0,19,Production Technician I,MA,2180,#########,Single,US Citizen,No,White,5/12/2014,,N/A-StillEmployed,Active,Production,Indeed,4.3,4,0,0,1,0,3,2,2,4,3,2,4,5,1,3,3,3,Hybrid,1,1,39,4,2
"Dietrich, Jenna",1,PIP,0,59231,0,3,Area Sales Manager,WA,98052,5/14/1987,Single,US Citizen,Yes,White,2/20/2012,,N/A-StillEmployed,Active,Sales,Website,2.3,1,0,2,17,0,4,3,3,2,3,3,3,1,2,1,2,2,Fully Remote,3,1,10,3,2
"DiNocco, Lily",2,Needs Improvement,0,61584,0,19,Production Technician I,MA,2351,12/2/1978,Married,US Citizen,No,Black or African American,1/7/2013,,N/A-StillEmployed,Active,Production,Indeed,3.88,4,0,0,6,0,5,4,2,3,2,4,4,3,3,2,4,4,On-site,2,2,25,4,2
"Dobrin, Denisa S",3,Fully Meets,0,46335,0,19,Production Technician I,MA,2125,10/7/1986,Single,US Citizen,Yes,White,4/2/2012,,N/A-StillEmployed,Active,Production,CareerBuilder,3.4,5,0,0,15,0,7,5,4,4,4,4,4,3,2,4,3,3,On-site,2,1,74,2,4
"Dolan, Linda",3,Fully Meets,0,70621,0,14,IT Support,MA,2119,7/18/1988,Married,US Citizen,No,White,1/5/2015,,N/A-StillEmployed,Active,IT/IS,Employee Referral,4.11,4,6,0,16,1,5,2,3,4,4,5,4,2,3,3,3,3,Hybrid,3,3,119,4,4
"Dougall, Eric",4,Exceeds,1,138888,0,13,IT Manager - Support,MA,1886,7/9/1970,Single,US Citizen,No,Black or African American,1/5/2014,,N/A-StillEmployed,Active,IT/IS,Indeed,4.3,5,5,0,4,1,4,2,4,4,3,5,3,3,4,5,4,4,On-site,4,3,124,4,4
"Driver, Elle",4,Exceeds,0,74241,0,3,Area Sales Manager,CA,90007,11/8/1988,Single,US Citizen,No,White,1/10/2011,,N/A-StillEmployed,Active,Sales,Indeed,4.77,5,0,0,14,0,6,2,4,4,5,5,4,3,3,3,4,4,Fully Remote,3,3,87,4,4
"Dunn, Amy",3,Fully Meets,0,75188,0,18,Production Manager,MA,1731,#########,Single,US Citizen,No,White,9/18/2014,,N/A-StillEmployed,Active,Production,Google Search,4.52,4,0,0,4,1,6,2,3,3,3,5,3,3,3,3,3,2,On-site,3,2,61,4,3
"Dunne, Amy",3,Fully Meets,0,62514,0,19,Production Technician I,MA,1749,9/23/1973,Married,US Citizen,No,White,4/26/2010,,N/A-StillEmployed,Active,Production,Google Search,2.9,3,0,0,6,0,5,3,4,3,5,4,3,1,3,3,2,3,Hybrid,2,1,56,3,3
"Eaton, Marianne",3,Fully Meets,0,60070,1,19,Production Technician I,MA,2343,9/5/1991,Married,US Citizen,No,White,4/4/2011,6/6/2021,military,Voluntarily Terminated,Production,Google Search,5,3,0,0,7,0,4,2,1,2,2,2,2,3,1,1,2,3,On-site,2,1,69,4,2
"Engdahl, Jean",3,Fully Meets,1,48888,0,19,Production Technician I,MA,2026,5/31/1974,Single,US Citizen,No,White,#########,,N/A-StillEmployed,Active,Production,LinkedIn,4.7,5,0,0,8,0,9,5,3,4,2,3,3,4,3,5,4,3,On-site,3,2,79,3,3
"England, Rex",3,Fully Meets,1,54285,0,19,Production Technician I,MA,2045,8/25/1978,Married,US Citizen,No,White,3/31/2014,,N/A-StillEmployed,Active,Production,Employee Referral,4.2,3,0,0,3,0,4,3,3,4,3,3,2,3,2,3,3,3,On-site,1,1,24,4,2
"Erilus, Angela",1,PIP,0,56847,0,20,Production Technician II,MA,2133,8/25/1989,Separated,US Citizen,No,White,7/7/2014,,N/A-StillEmployed,Active,Production,Indeed,3,1,0,2,5,0,6,4,4,1,1,3,3,1,2,1,3,3,Hybrid,3,2,14,2,2
"Estremera, Miguel",2,Needs Improvement,1,60340,1,19,Production Technician I,MA,2129,9/2/1983,Single,US Citizen,No,White,4/2/2012,9/27/2022,attendance,Terminated for Cause,Production,Google Search,5,4,0,5,16,0,3,4,2,3,1,3,3,3,2,4,3,3,On-site,1,1,27,2,1
"Evensen, April",2,Needs Improvement,0,59124,1,19,Production Technician I,MA,2458,5/6/1989,Single,US Citizen,No,White,2/17/2014,2/25/2022,"no-call, no-show",Terminated for Cause,Production,Google Search,2.3,3,0,5,19,0,3,4,1,1,3,3,2,1,1,1,2,1,On-site,2,1,4,2,2
"Exantus, Susan",2,Needs Improvement,0,99280,1,24,Software Engineer,MA,1749,5/15/1987,Married,US Citizen,No,Black or African American,5/2/2011,6/5/2017,attendance,Terminated for Cause,Software Engineering,Indeed,2.1,5,4,4,19,0,4,3,2,3,3,1,3,1,2,2,2,2,Hybrid,3,2,17,3,2
"Faller, Megan",3,Fully Meets,0,71776,0,20,Production Technician II,MA,1824,9/22/1978,Married,US Citizen,No,Black or African American,7/7/2014,,N/A-StillEmployed,Active,Production,LinkedIn,4.4,5,0,0,17,0,3,3,4,4,4,4,4,3,4,5,4,4,On-site,2,2,33,3,3
"Fancett, Nicole",3,Fully Meets,0,65902,0,20,Production Technician II,MA,2324,9/27/1987,Single,US Citizen,No,Black or African American,2/17/2014,,N/A-StillEmployed,Active,Production,LinkedIn,4,4,0,0,7,1,3,2,2,3,4,4,4,4,1,2,3,2,On-site,1,1,50,4,3
"Ferguson, Susan",3,Fully Meets,0,57748,1,19,Production Technician I,MA,2176,4/14/1955,Married,US Citizen,No,White,11/7/2011,5/17/2020,military,Voluntarily Terminated,Production,Google Search,3.13,3,0,0,16,0,7,3,1,2,4,1,2,1,1,2,2,2,On-site,3,2,59,2,3
"Fernandes, Nilson",1,PIP,1,64057,0,19,Production Technician I,MA,2132,#########,Married,US Citizen,No,White,5/11/2015,,N/A-StillEmployed,Active,Production,Indeed,1.56,5,0,6,15,0,6,4,4,3,1,4,2,2,2,5,3,2,Hybrid,2,2,0,2,1
"Fett, Boba",1,PIP,1,53366,0,15,Network Engineer,MA,2138,6/18/1987,Single,US Citizen,No,White,3/30/2015,,N/A-StillEmployed,Active,IT/IS,LinkedIn,1.2,3,6,3,2,1,5,4,2,2,1,1,2,2,1,1,3,1,Hybrid,4,3,76,3,1
"Fidelia, Libby",3,Fully Meets,0,58530,0,19,Production Technician I,MA,2155,3/16/1981,Married,US Citizen,No,White,1/9/2012,,N/A-StillEmployed,Active,Production,Google Search,5,5,0,0,19,0,6,3,5,5,3,5,3,3,3,3,4,4,On-site,3,2,42,3,3
"Fitzpatrick, Michael J",3,Fully Meets,1,72609,1,20,Production Technician II,MA,2143,10/1/1981,Single,US Citizen,Yes,White,5/16/2011,6/24/2017,hours,Voluntarily Terminated,Production,Google Search,4.76,5,0,0,20,0,4,3,4,3,1,4,2,1,5,5,3,2,On-site,2,1,64,3,3
"Foreman, Tanya",3,Fully Meets,0,55965,1,20,Production Technician II,MA,2170,11/8/1983,Married,US Citizen,No,White,4/4/2011,1/9/2017,career change,Voluntarily Terminated,Production,Google Search,3.66,3,0,0,6,0,7,1,3,1,2,3,1,1,1,1,2,2,On-site,2,2,54,4,3
"Forrest, Alex",3,PIP,1,70187,1,3,Area Sales Manager,MA,2330,7/7/1975,Married,US Citizen,No,White,9/29/2014,8/19/2022,Fatal attraction,Terminated for Cause,Sales,Employee Referral,2,5,0,4,7,0,3,2,2,3,2,2,2,2,1,3,2,2,Hybrid,3,1,39,4,2
"Foss, Jason",4,Exceeds,1,178000,0,12,IT Director,MA,1460,7/5/1980,Single,US Citizen,No,Black or African American,4/15/2011,,N/A-StillEmployed,Active,IT/IS,Indeed,5,5,5,0,15,1,7,3,3,4,3,1,4,4,3,5,5,3,Hybrid,4,4,126,3,4
"Foster-Baker, Amy",3,Fully Meets,0,99351,0,26,Sr. Accountant,MA,2050,4/16/1979,Married,US Citizen,no,White,1/5/2009,,N/A-StillEmployed,Active,Admin Offices,Other,5,3,2,0,3,1,6,4,2,3,3,3,3,3,3,2,3,2,Hybrid,4,2,76,4,4
"Fraval, Maruk",3,Fully Meets,1,67251,0,3,Area Sales Manager,CT,6050,8/28/1963,Single,US Citizen,No,Black or African American,9/6/2011,,N/A-StillEmployed,Active,Sales,CareerBuilder,4.3,3,0,2,7,0,9,4,3,4,3,4,2,3,1,2,3,3,Fully Remote,4,4,119,2,3
"Galia, Lisa",3,Fully Meets,0,65707,0,14,IT Support,CT,6040,7/6/1968,Single,US Citizen,No,White,5/1/2010,,N/A-StillEmployed,Active,IT/IS,LinkedIn,4.7,4,5,0,1,1,6,2,3,2,3,3,3,2,4,3,3,4,Fully Remote,4,3,95,5,3
"Garcia, Raul",3,Fully Meets,1,52249,0,19,Production Technician I,MA,1905,9/15/1985,Single,US Citizen,Yes,White,3/30/2015,,N/A-StillEmployed,Active,Production,Employee Referral,4.5,3,0,0,5,0,8,4,2,3,3,3,3,4,1,3,3,3,Fully Remote,3,3,85,4,3
"Gaul, Barbara",3,Fully Meets,0,53171,0,19,Production Technician I,MA,2121,12/2/1983,Single,US Citizen,Yes,Black or African American,5/16/2011,,N/A-StillEmployed,Active,Production,LinkedIn,4.2,4,0,0,12,0,7,4,3,2,2,4,2,3,3,2,3,2,On-site,3,4,38,3,3
"Gentry, Mildred",3,Fully Meets,0,51337,0,19,Production Technician I,MA,2145,10/1/1990,Married,US Citizen,No,Black or African American,3/30/2015,,N/A-StillEmployed,Active,Production,LinkedIn,3.73,3,0,0,19,0,6,3,3,3,4,3,3,1,3,4,2,3,On-site,3,2,62,3,3
"Gerke, Melisa",3,Fully Meets,0,51505,1,19,Production Technician I,MA,2330,5/15/1970,Divorced,US Citizen,No,Black or African American,11/7/2011,#########,hours,Voluntarily Terminated,Production,Diversity Job Fair,4.24,4,0,0,2,0,4,4,2,1,1,2,3,2,2,2,3,2,On-site,2,2,54,3,3
"Gill, Whitney",3,Fully Meets,0,59370,1,3,Area Sales Manager,OH,43050,7/10/1971,Widowed,US Citizen,No,Black or African American,7/7/2014,9/5/2019,attendance,Terminated for Cause,Sales,CareerBuilder,3.97,4,0,0,7,0,6,2,2,2,2,3,2,2,3,2,3,2,On-site,3,1,54,4,4
"Gilles, Alex",2,Needs Improvement,1,54933,1,19,Production Technician I,MA,2062,8/9/1974,Married,US Citizen,No,Black or African American,4/2/2012,6/25/2019,military,Voluntarily Terminated,Production,Diversity Job Fair,3.97,4,0,3,15,0,7,3,2,4,2,3,2,3,1,3,3,3,Hybrid,3,1,28,3,2
"Girifalco, Evelyn",4,Exceeds,0,57815,0,19,Production Technician I,MA,2451,5/8/1980,Single,US Citizen,Yes,Two or more races,9/29/2014,,N/A-StillEmployed,Active,Production,Indeed,3.9,4,0,0,3,0,6,3,2,3,4,3,3,3,3,4,3,1,On-site,2,1,69,4,3
"Givens, Myriam",3,Fully Meets,0,61555,0,3,Area Sales Manager,IN,46204,9/22/1989,Single,US Citizen,No,White,2/16/2015,,N/A-StillEmployed,Active,Sales,Indeed,4.5,5,0,0,20,0,3,3,5,3,3,5,3,2,4,4,4,3,On-site,2,1,31,3,3
"Goble, Taisha",3,Fully Meets,0,114800,1,8,Database Administrator,MA,2127,#########,Single,US Citizen,No,White,2/16/2015,3/15/2019,"no-call, no-show",Terminated for Cause,IT/IS,Indeed,4.6,4,4,0,10,1,2,2,3,3,5,3,3,2,2,2,3,4,Fully Remote,3,2,128,4,4
"Goeth, Amon",3,Fully Meets,1,74679,0,14,IT Support,MA,2135,#########,Married,US Citizen,Yes,White,3/30/2015,,N/A-StillEmployed,Active,IT/IS,LinkedIn,4.3,5,7,0,20,1,6,2,3,5,4,5,3,5,2,4,4,3,Fully Remote,4,4,114,4,4
"Gold, Shenice",3,Fully Meets,0,53018,0,19,Production Technician I,MA,2451,6/18/1992,Single,US Citizen,Yes,White,#########,,N/A-StillEmployed,Active,Production,Indeed,4.3,5,0,0,7,0,8,3,3,3,4,4,4,3,3,4,4,3,Hybrid,3,3,75,4,3
"Gonzalez, Cayo",4,Exceeds,1,59892,0,19,Production Technician I,MA,2108,9/29/1969,Divorced,US Citizen,No,Black or African American,7/11/2011,,N/A-StillEmployed,Active,Production,Diversity Job Fair,4.5,4,0,0,1,0,4,3,4,4,3,4,2,2,2,5,4,4,Hybrid,2,1,100,4,3
"Gonzalez, Juan",1,PIP,1,68898,1,20,Production Technician II,MA,2128,#########,Married,US Citizen,No,Black or African American,4/26/2010,5/30/2015,career change,Voluntarily Terminated,Production,Diversity Job Fair,3,3,0,3,10,0,5,4,2,3,1,3,3,2,1,2,3,2,On-site,2,2,0,2,1
"Gonzalez, Maria",3,Fully Meets,0,61242,0,14,IT Support,MA,2472,4/16/1981,Separated,US Citizen,Yes,White,1/5/2015,,N/A-StillEmployed,Active,IT/IS,Employee Referral,4.61,4,5,0,11,1,4,3,4,3,3,3,3,2,4,4,4,4,On-site,3,3,95,2,3
"Good, Susan",3,Fully Meets,0,66825,0,20,Production Technician II,MA,1886,5/25/1986,Married,US Citizen,No,White,5/12/2014,,N/A-StillEmployed,Active,Production,LinkedIn,4.6,3,0,0,20,0,5,2,4,4,3,5,3,1,4,4,4,3,On-site,3,1,44,4,2
"Gordon, David",3,Fully Meets,1,48285,0,19,Production Technician I,MA,2169,5/21/1979,Married,US Citizen,No,White,7/2/2012,,N/A-StillEmployed,Active,Production,LinkedIn,5,3,0,0,2,0,3,4,3,5,3,3,3,4,2,2,4,4,On-site,2,1,38,3,2
"Gosciminski, Phylicia",3,Fully Meets,0,66149,0,20,Production Technician II,MA,1824,12/8/1983,Separated,US Citizen,No,American Indian or Alaska Native,9/30/2013,,N/A-StillEmployed,Active,Production,Google Search,4.4,5,0,0,1,0,4,4,3,3,2,4,3,3,3,3,4,3,On-site,2,1,41,4,3
"Goyal, Roxana",3,Fully Meets,0,49256,0,19,Production Technician I,MA,1864,10/9/1974,Married,US Citizen,No,Asian,8/19/2013,,N/A-StillEmployed,Active,Production,LinkedIn,4.1,5,0,0,3,0,5,2,2,3,4,3,4,3,4,5,3,3,Hybrid,3,2,35,5,3
"Gray, Elijiah",3,Fully Meets,1,62957,0,18,Production Manager,MA,1752,7/11/1981,Divorced,US Citizen,No,White,6/2/2015,,N/A-StillEmployed,Active,Production,Employee Referral,4.63,3,0,0,2,1,5,4,3,3,3,4,3,3,2,4,2,4,On-site,3,2,78,3,2
"Gross, Paula",3,Fully Meets,0,63813,1,19,Production Technician I,MA,2176,5/21/1983,Divorced,US Citizen,No,White,2/21/2011,1/11/2018,more money,Voluntarily Terminated,Production,CareerBuilder,5,5,0,0,17,0,1,1,4,4,4,3,4,2,3,3,3,3,On-site,2,1,8,5,3
"Gruber, Hans",3,Fully Meets,1,99020,0,4,BI Developer,MA,2134,6/30/1989,Married,US Citizen,No,Black or African American,4/20/2017,,N/A-StillEmployed,Active,IT/IS,Indeed,4.2,5,5,0,8,0,5,2,4,4,3,3,3,3,3,4,4,4,On-site,4,3,94,4,3
"Guilianno, Mike",3,Fully Meets,1,71707,1,3,Area Sales Manager,TN,37129,2/9/1969,Single,US Citizen,No,Two or more races,3/7/2012,#########,relocation out of area,Voluntarily Terminated,Sales,LinkedIn,4.5,5,0,0,20,0,3,4,3,3,2,3,3,2,3,5,3,2,On-site,2,1,52,2,2
"Handschiegl, Joanne",3,Fully Meets,0,54828,0,19,Production Technician I,MA,2127,3/23/1977,Married,US Citizen,No,White,#########,,N/A-StillEmployed,Active,Production,Google Search,4.2,4,0,0,13,0,5,3,3,3,3,3,4,3,3,3,2,2,On-site,2,1,40,3,3
"Hankard, Earnest",3,Fully Meets,1,64246,0,20,Production Technician II,MA,2155,8/10/1988,Single,US Citizen,Yes,White,#########,,N/A-StillEmployed,Active,Production,LinkedIn,5,3,0,0,20,0,6,2,3,4,4,2,3,4,2,2,4,5,Hybrid,3,2,46,2,3
"Harrington, Christie",3,Fully Meets,0,52177,1,19,Production Technician I,MA,2324,8/18/1952,Single,US Citizen,No,White,1/9/2012,#########,retiring,Voluntarily Terminated,Production,CareerBuilder,4.64,4,0,0,8,0,4,3,2,2,4,3,3,2,2,3,2,3,Hybrid,2,1,50,4,3
"Harrison, Kara",4,Exceeds,0,62065,0,19,Production Technician I,MA,1886,5/2/1974,Married,US Citizen,No,White,5/12/2014,,N/A-StillEmployed,Active,Production,CareerBuilder,4.76,4,0,0,5,0,6,3,2,3,4,4,3,3,3,3,3,2,On-site,2,2,59,4,3
"Heitzman, Anthony",3,Fully Meets,1,46998,0,19,Production Technician I,MA,2149,1/4/1984,Single,US Citizen,No,White,8/13/2012,,N/A-StillEmployed,Active,Production,Google Search,4.17,4,0,0,1,0,5,2,4,5,3,4,3,3,3,4,3,4,On-site,3,1,86,4,3
"Hendrickson, Trina",3,Fully Meets,0,68099,1,20,Production Technician II,MA,2021,8/27/1972,Single,US Citizen,No,White,1/10/2011,6/18/2017,hours,Voluntarily Terminated,Production,CareerBuilder,5,3,0,0,15,0,4,1,4,2,3,4,2,1,2,1,3,3,On-site,1,1,52,4,3
"Hitchcock, Alfred",3,Fully Meets,1,70545,0,3,Area Sales Manager,NH,3062,9/14/1988,Married,US Citizen,No,American Indian or Alaska Native,8/18/2014,,N/A-StillEmployed,Active,Sales,Indeed,3.6,5,0,0,9,0,7,2,3,4,3,4,2,3,3,5,4,3,Fully Remote,2,2,67,4,3
"Homberger, Adrienne J",3,Fully Meets,0,63478,1,20,Production Technician II,MA,2445,2/16/1984,Married,Non-Citizen,No,White,8/15/2011,4/7/2016,relocation out of area,Voluntarily Terminated,Production,Indeed,03.03,5,0,0,16,0,7,2,2,2,2,3,2,2,1,1,3,3,On-site,3,3,73,3,3
"Horton, Jayne",3,Fully Meets,0,97999,0,8,Database Administrator,MA,2493,2/21/1984,Single,US Citizen,No,White,3/30/2015,,N/A-StillEmployed,Active,IT/IS,Indeed,4.48,5,6,0,4,1,4,4,4,3,4,3,3,3,4,4,2,3,Hybrid,4,3,88,4,4
"Houlihan, Debra",3,Fully Meets,0,180000,0,11,Director of Sales,RI,2908,3/17/1966,Married,US Citizen,No,White,5/5/2014,,N/A-StillEmployed,Active,Sales,LinkedIn,4.5,4,0,0,19,1,4,2,4,3,2,5,2,1,4,3,4,2,Hybrid,3,2,91,2,3
"Howard, Estelle",3,Fully Meets,0,49920,1,2,Administrative Assistant,MA,2170,9/16/1985,Married,US Citizen,No,Black or African American,2/16/2015,4/15/2019,"no-call, no-show",Terminated for Cause,Admin Offices,Indeed,3.24,3,4,0,6,1,3,5,3,2,4,1,2,1,2,4,3,2,Hybrid,2,1,87,3,4
"Hudson, Jane",3,Fully Meets,0,55425,0,19,Production Technician I,MA,2176,6/10/1986,Single,US Citizen,No,White,2/20/2012,,N/A-StillEmployed,Active,Production,LinkedIn,4.8,4,0,0,4,0,5,2,2,3,4,4,4,4,3,5,3,5,On-site,3,3,69,4,3
"Hunts, Julissa",3,Fully Meets,0,69340,0,20,Production Technician II,MA,2021,3/11/1984,Single,US Citizen,No,White,6/6/2016,,N/A-StillEmployed,Active,Production,LinkedIn,3,5,0,0,4,0,6,2,2,2,3,3,3,3,2,3,3,2,On-site,3,2,51,4,2
"Hutter, Rosalie",3,Fully Meets,0,64995,0,20,Production Technician II,MA,2351,5/7/1992,Separated,US Citizen,No,White,6/5/2015,,N/A-StillEmployed,Active,Production,Indeed,4.5,3,0,0,6,1,6,3,4,3,3,3,2,2,2,1,4,4,On-site,2,1,106,3,3
"Huynh, Ming",3,Fully Meets,0,68182,1,20,Production Technician II,MA,1742,9/22/1976,Divorced,US Citizen,No,White,2/21/2011,4/1/2017,unhappy,Voluntarily Terminated,Production,Google Search,3.72,3,0,0,18,0,7,2,1,2,3,3,2,2,1,2,1,2,On-site,3,2,68,3,3
"Immediato, Walter",2,Needs Improvement,1,83082,1,18,Production Manager,MA,2128,#########,Married,US Citizen,No,Asian,2/21/2011,9/24/2016,unhappy,Voluntarily Terminated,Production,Indeed,2.34,2,0,3,4,1,7,4,1,2,1,1,1,1,1,3,1,2,On-site,2,1,108,2,3
"Ivey, Rose",3,Fully Meets,0,51908,0,19,Production Technician I,MA,1775,1/28/1991,Single,US Citizen,No,White,8/19/2013,,N/A-StillEmployed,Active,Production,Indeed,3.99,3,0,0,14,0,4,3,3,2,4,4,4,1,4,4,2,3,On-site,2,2,37,3,4
"Jackson, Maryellen",3,Fully Meets,0,61242,0,19,Production Technician I,MA,2081,9/11/1972,Single,US Citizen,No,Black or African American,11/5/2012,,N/A-StillEmployed,Active,Production,LinkedIn,4.1,3,0,0,7,0,4,4,4,1,2,4,3,1,4,4,2,2,On-site,1,1,49,2,3
"Jacobi, Hannah",3,Fully Meets,0,45069,0,19,Production Technician I,MA,1778,3/22/1966,Divorced,US Citizen,No,White,9/30/2013,,N/A-StillEmployed,Active,Production,Employee Referral,4.3,5,0,0,7,0,8,2,4,2,3,5,3,3,3,4,3,3,On-site,3,2,44,4,4
"Jeannite, Tayana",4,Exceeds,0,60724,0,20,Production Technician II,MA,1821,11/6/1986,Divorced,US Citizen,No,American Indian or Alaska Native,7/5/2011,,N/A-StillEmployed,Active,Production,LinkedIn,4.6,4,0,0,11,0,3,4,3,4,5,4,4,3,3,5,3,3,On-site,2,2,49,2,4
"Jhaveri, Sneha",3,Fully Meets,0,60436,0,19,Production Technician I,MA,2109,4/13/1964,Separated,US Citizen,No,White,1/6/2014,,N/A-StillEmployed,Active,Production,LinkedIn,5,5,0,0,9,0,4,3,3,2,3,5,4,4,3,3,3,4,On-site,2,1,57,3,2
"Johnson, George",4,Exceeds,1,46837,1,19,Production Technician I,MA,2445,8/19/1959,Married,US Citizen,No,White,11/7/2011,4/29/2022,more money,Voluntarily Terminated,Production,CareerBuilder,4.7,4,0,0,9,0,8,3,3,4,4,2,2,2,2,4,3,3,Hybrid,3,3,107,3,4
"Johnson, Noelle",3,Fully Meets,0,105700,0,8,Database Administrator,MA,2301,11/7/1986,Married,US Citizen,No,Asian,1/5/2015,,N/A-StillEmployed,Active,IT/IS,Indeed,3.75,3,5,0,2,1,2,3,4,3,5,4,2,2,2,2,3,3,Hybrid,2,1,144,4,4
"Johnston, Yen",4,Exceeds,0,63322,0,20,Production Technician II,MA,2128,9/8/1969,Single,US Citizen,No,White,7/7/2014,,N/A-StillEmployed,Active,Production,LinkedIn,4.3,3,0,0,1,0,7,4,3,3,4,2,2,2,2,2,3,3,Fully Remote,3,3,78,4,4
"Jung, Judy",3,Fully Meets,0,61154,1,19,Production Technician I,MA,2446,4/17/1986,Married,US Citizen,No,Black or African American,1/10/2011,4/1/2020,unhappy,Voluntarily Terminated,Production,CareerBuilder,4,4,0,0,4,0,3,4,3,2,3,4,2,2,1,1,4,3,On-site,1,1,21,3,3
"Kampew, Donysha",3,Fully Meets,0,68999,1,21,Sales Manager,PA,19444,#########,Single,US Citizen,No,White,11/7/2011,4/24/2018,maternity leave - did not return,Voluntarily Terminated,Sales,Google Search,4.5,5,0,0,2,0,3,2,3,1,2,4,2,3,2,2,4,2,Hybrid,2,1,55,5,2
"Keatts, Kramer",3,Fully Meets,1,50482,0,19,Production Technician I,MA,1887,1/19/1976,Single,US Citizen,No,White,9/30/2013,,N/A-StillEmployed,Active,Production,Indeed,03.07,4,0,0,10,0,2,3,2,4,4,4,3,3,2,4,2,3,Hybrid,1,1,12,3,3
"Khemmich, Bartholemew",3,Fully Meets,1,65310,0,3,Area Sales Manager,CO,80820,#########,Single,US Citizen,No,White,8/19/2013,,N/A-StillEmployed,Active,Sales,Indeed,4.3,5,0,0,13,0,7,2,3,4,3,5,3,4,1,4,5,4,Hybrid,3,3,71,3,3
"King, Janet",3,Fully Meets,0,250000,0,16,President & CEO,MA,1902,9/21/1954,Married,US Citizen,Yes,White,7/2/2012,,N/A-StillEmployed,Active,Executive Office,Indeed,4.83,3,0,0,10,1,1,5,4,3,3,5,2,1,4,2,3,4,On-site,3,1,44,3,2
"Kinsella, Kathleen",3,Fully Meets,0,54005,1,19,Production Technician I,MA,2170,12/8/1973,Married,US Citizen,No,White,9/26/2011,6/4/2019,more money,Voluntarily Terminated,Production,Google Search,3.6,5,0,0,16,0,3,2,3,2,2,1,2,1,2,3,2,2,Hybrid,2,1,44,4,2
"Kirill, Alexandra",3,Fully Meets,0,45433,1,19,Production Technician I,MA,2127,10/8/1970,Married,US Citizen,No,White,9/26/2011,1/9/2018,more money,Voluntarily Terminated,Production,Google Search,3.49,4,0,0,6,0,3,3,1,2,4,2,3,2,2,3,3,2,Hybrid,1,1,61,5,3
"Knapp, Bradley J",3,Fully Meets,1,46654,0,19,Production Technician I,MA,1721,#########,Single,US Citizen,No,Black or African American,2/17/2014,,N/A-StillEmployed,Active,Production,LinkedIn,3.1,3,0,0,3,0,5,4,4,3,4,4,2,2,1,2,3,3,On-site,1,2,47,3,3
"Kretschmer, John",3,Fully Meets,1,63973,0,19,Production Technician I,MA,1801,2/2/1980,Married,US Citizen,No,Asian,1/10/2011,,N/A-StillEmployed,Active,Production,Indeed,3.38,3,0,0,17,0,6,4,4,4,3,2,2,2,2,4,3,3,On-site,2,2,73,2,3
"Kreuger, Freddy",3,Fully Meets,1,71339,0,3,Area Sales Manager,NY,10171,2/24/1969,Single,US Citizen,Yes,Black or African American,3/7/2011,,N/A-StillEmployed,Active,Sales,Diversity Job Fair,3.65,5,0,0,20,0,3,4,2,3,3,3,3,5,2,4,4,2,Hybrid,2,1,57,3,2
"Lajiri, Jyoti",3,Fully Meets,1,93206,0,28,Sr. Network Engineer,MA,2169,4/23/1986,Married,US Citizen,No,White,#########,,N/A-StillEmployed,Active,IT/IS,Employee Referral,4.46,5,6,0,7,1,3,2,5,5,4,4,2,4,2,3,4,4,Hybrid,3,2,57,5,3
"Landa, Hans",3,Fully Meets,1,82758,1,18,Production Manager,MA,1890,7/1/1972,Married,US Citizen,No,White,1/10/2011,#########,attendance,Terminated for Cause,Production,Employee Referral,4.78,4,0,0,9,1,5,4,3,4,1,2,3,3,3,4,3,3,On-site,3,1,56,3,2
"Langford, Lindsey",3,Fully Meets,0,66074,1,20,Production Technician II,MA,2090,7/25/1979,Divorced,US Citizen,No,Asian,1/7/2013,3/31/2018,Another position,Voluntarily Terminated,Production,Indeed,4.52,3,0,0,20,0,4,2,3,2,3,3,3,1,3,3,2,2,Hybrid,1,1,13,3,3
"Langton, Enrico",3,Fully Meets,1,46120,0,19,Production Technician I,MA,2048,12/9/1986,Married,US Citizen,No,White,7/9/2012,,N/A-StillEmployed,Active,Production,LinkedIn,5,5,0,0,13,0,6,3,3,5,4,3,4,5,3,5,4,4,On-site,2,1,95,4,3
"LaRotonda, William",3,Fully Meets,1,64520,0,1,Accountant I,MA,1460,4/26/1984,Divorced,US Citizen,No,Black or African American,1/6/2014,,N/A-StillEmployed,Active,Admin Offices,Website,5,4,4,0,3,1,8,4,3,4,3,4,3,5,2,3,3,3,Hybrid,4,4,107,3,4
"Latif, Mohammed",3,Fully Meets,1,61962,1,20,Production Technician II,MA,2126,5/9/1984,Married,US Citizen,No,White,4/2/2012,4/15/2017,more money,Voluntarily Terminated,Production,Google Search,4.9,3,0,0,20,0,7,3,3,4,4,4,2,3,1,2,3,3,On-site,4,4,95,3,3
"Le, Binh",3,Fully Meets,0,81584,0,22,Senior BI Developer,MA,1886,6/14/1987,Single,US Citizen,No,Asian,10/2/2016,,N/A-StillEmployed,Active,IT/IS,Indeed,4.1,5,7,0,2,0,5,3,3,4,5,4,5,3,3,5,3,3,Hybrid,4,4,52,5,4
"Leach, Dallas",3,Fully Meets,0,63676,1,19,Production Technician I,MA,1810,1/17/1979,Single,US Citizen,No,Asian,9/26/2011,8/19/2019,return to school,Voluntarily Terminated,Production,CareerBuilder,4.88,3,0,0,17,0,3,3,4,2,3,3,2,1,2,2,3,3,On-site,2,1,28,3,2
"LeBlanc, Brandon R",3,Fully Meets,1,93046,0,23,Shared Services Manager,MA,1460,6/10/1984,Married,US Citizen,No,White,1/5/2016,,N/A-StillEmployed,Active,Admin Offices,CareerBuilder,4.1,4,0,0,20,1,9,2,1,4,3,2,3,5,1,2,3,3,Fully Remote,4,4,111,4,4
"Lecter, Hannibal",3,Fully Meets,1,64738,0,19,Production Technician I,MA,1776,9/2/1982,Married,US Citizen,No,Asian,5/14/2012,,N/A-StillEmployed,Active,Production,Google Search,4.1,3,0,0,10,0,7,3,4,4,4,2,2,2,2,3,4,4,On-site,3,3,63,3,4
"Leruth, Giovanni",3,Fully Meets,1,70468,0,3,Area Sales Manager,UT,84111,#########,Separated,US Citizen,No,Black or African American,4/30/2012,,N/A-StillEmployed,Active,Sales,Website,4.53,3,0,0,16,0,6,3,4,4,3,4,3,2,3,4,3,2,Hybrid,3,3,65,3,2
"Liebig, Ketsia",4,Exceeds,0,77915,0,18,Production Manager,MA,2110,#########,Married,US Citizen,No,White,9/30/2013,,N/A-StillEmployed,Active,Production,Website,4.1,3,0,0,11,1,2,2,4,3,5,2,3,1,3,3,2,2,Hybrid,1,1,54,4,3
"Linares, Marilyn",3,Fully Meets,0,52624,1,19,Production Technician I,MA,1886,3/26/1981,Married,US Citizen,No,White,7/5/2011,9/26/2022,unhappy,Voluntarily Terminated,Production,Indeed,3.18,4,0,0,16,0,3,4,4,2,4,2,2,1,2,1,2,2,Fully Remote,1,1,67,3,3
"Linden, Mathew",3,Fully Meets,1,63450,0,20,Production Technician II,MA,1770,3/19/1979,Married,US Citizen,No,White,7/8/2013,,N/A-StillEmployed,Active,Production,LinkedIn,4,3,0,0,7,0,5,3,1,4,3,3,3,3,3,4,2,2,On-site,2,1,65,3,3
"Lindsay, Leonara",4,Exceeds,0,51777,0,14,IT Support,CT,6070,10/5/1988,Single,US Citizen,Yes,Black or African American,1/21/2011,,N/A-StillEmployed,Active,IT/IS,Diversity Job Fair,4.64,4,5,0,14,1,8,3,3,3,5,4,4,3,3,5,2,4,Hybrid,5,5,143,3,5
"Lundy, Susan",3,Fully Meets,0,67237,1,20,Production Technician II,MA,2122,#########,Widowed,US Citizen,No,White,7/8/2013,9/15/2020,more money,Voluntarily Terminated,Production,LinkedIn,4.65,4,0,0,15,0,1,4,3,1,2,3,2,1,3,2,3,3,Fully Remote,1,1,16,3,2
"Lunquist, Lisa",4,Exceeds,0,73330,0,20,Production Technician II,MA,2324,3/28/1982,Single,US Citizen,No,Black or African American,8/19/2013,,N/A-StillEmployed,Active,Production,Indeed,4.2,4,0,0,19,0,7,2,4,3,4,2,3,2,3,4,3,3,On-site,3,1,86,3,4
"Lydon, Allison",3,Fully Meets,0,52057,0,19,Production Technician I,MA,2122,#########,Married,US Citizen,No,Black or African American,2/16/2015,,N/A-StillEmployed,Active,Production,Website,5,3,0,0,6,0,2,4,4,3,4,3,3,3,2,1,4,4,Hybrid,1,1,29,2,3
"Lynch, Lindsay",4,Exceeds,0,47434,1,19,Production Technician I,MA,1844,2/14/1973,Single,US Citizen,Yes,Black or African American,11/7/2011,#########,Another position,Voluntarily Terminated,Production,Diversity Job Fair,5,4,0,0,17,0,1,2,3,4,4,3,3,1,2,2,4,2,On-site,1,1,16,4,3
"MacLennan, Samuel",3,Fully Meets,1,52788,1,19,Production Technician I,MA,1938,11/9/1972,Widowed,US Citizen,No,White,9/24/2012,9/26/2021,hours,Voluntarily Terminated,Production,Indeed,03.08,4,0,0,18,0,4,3,1,2,1,2,2,2,1,3,2,3,Hybrid,2,1,43,3,2
"Mahoney, Lauren",3,Fully Meets,0,45395,0,19,Production Technician I,MA,2189,7/7/1986,Single,US Citizen,No,White,1/6/2014,,N/A-StillEmployed,Active,Production,LinkedIn,4.6,4,0,0,14,0,5,3,2,4,3,1,4,4,2,3,4,3,On-site,2,2,46,3,4
"Manchester, Robyn",3,Fully Meets,0,62385,0,20,Production Technician II,MA,2324,8/25/1976,Married,US Citizen,No,White,5/11/2016,,N/A-StillEmployed,Active,Production,LinkedIn,5,3,0,0,4,1,6,4,3,4,4,5,3,3,3,4,4,3,On-site,2,1,101,4,3
"Mancuso, Karen",3,Fully Meets,0,68407,1,20,Production Technician II,MA,2176,#########,Married,US Citizen,No,Two or more races,7/5/2011,8/19/2016,Another position,Voluntarily Terminated,Production,LinkedIn,5,4,0,0,16,0,4,4,3,3,3,1,4,1,3,4,3,5,On-site,2,1,0,2,2
"Mangal, Debbie",3,Fully Meets,0,61349,0,19,Production Technician I,MA,2451,11/7/1974,Married,US Citizen,No,White,#########,,N/A-StillEmployed,Active,Production,LinkedIn,4.1,3,0,0,11,0,5,2,4,3,4,4,3,2,3,4,3,3,Hybrid,1,2,54,2,2
"Martin, Sandra",3,Fully Meets,0,105688,0,24,Software Engineer,MA,2135,11/7/1987,Single,US Citizen,No,Asian,#########,,N/A-StillEmployed,Active,Software Engineering,Google Search,4.5,5,4,0,14,0,2,4,4,3,3,4,3,3,3,3,4,3,Hybrid,3,2,31,3,3
"Maurice, Shana",3,Fully Meets,0,54132,0,19,Production Technician I,MA,2330,#########,Married,US Citizen,No,White,5/31/2011,,N/A-StillEmployed,Active,Production,Indeed,5,4,0,0,8,0,7,2,3,4,4,5,5,3,4,4,3,5,Fully Remote,3,3,66,4,4
"Carthy, B'rigit",3,Fully Meets,0,55315,0,20,Production Technician II,MA,2149,5/21/1987,Single,US Citizen,No,Black or African American,3/30/2015,,N/A-StillEmployed,Active,Production,LinkedIn,5,5,0,0,16,0,5,5,4,3,2,5,4,4,4,4,4,4,On-site,2,1,57,1,2
"Mckenna, Sandy",3,Fully Meets,0,62810,0,19,Production Technician I,MA,2184,1/7/1987,Married,US Citizen,No,Black or African American,1/7/2013,,N/A-StillEmployed,Active,Production,CareerBuilder,3.93,3,0,0,20,0,5,4,2,3,4,5,3,3,2,2,3,3,On-site,2,3,48,2,2
"McKinzie, Jac",3,Fully Meets,1,63291,0,3,Area Sales Manager,TX,78789,7/1/1984,Married,US Citizen,No,Two or more races,7/6/2016,,N/A-StillEmployed,Active,Sales,Website,3.4,4,0,0,7,0,7,3,3,4,3,3,2,3,2,4,4,2,Hybrid,3,2,76,4,3
"Meads, Elizabeth",3,Fully Meets,0,62659,1,19,Production Technician I,MA,1760,5/30/1968,Single,US Citizen,No,Black or African American,4/2/2012,#########,Another position,Voluntarily Terminated,Production,Diversity Job Fair,4.18,4,0,0,17,0,1,3,3,2,2,3,2,1,3,4,3,3,On-site,1,1,5,3,2
"Medeiros, Jennifer",3,Fully Meets,0,55688,0,19,Production Technician I,MA,2346,9/22/1976,Single,US Citizen,No,White,3/30/2015,,N/A-StillEmployed,Active,Production,CareerBuilder,5,4,0,0,10,0,6,1,3,4,4,3,3,3,3,3,5,3,On-site,2,2,77,4,4
"Miller, Brannon",3,Fully Meets,1,83667,0,18,Production Manager,MA,2045,8/10/1981,Single,US Citizen,yes,Hispanic,8/16/2012,,N/A-StillEmployed,Active,Production,Indeed,4.37,3,0,0,2,1,4,2,2,3,2,4,3,3,2,4,3,2,On-site,1,1,55,3,2
"Miller, Ned",1,PIP,1,55800,1,20,Production Technician II,MA,2472,6/29/1985,Single,US Citizen,No,White,8/15/2011,9/4/2018,unhappy,Voluntarily Terminated,Production,LinkedIn,3,2,0,6,6,0,5,3,3,2,1,1,1,1,1,1,2,3,On-site,2,1,0,2,1
"Monkfish, Erasumus",3,Fully Meets,1,58207,0,20,Production Technician II,MA,1450,8/17/1992,Married,US Citizen,No,White,11/7/2011,,N/A-StillEmployed,Active,Production,LinkedIn,3.7,3,0,0,14,0,3,4,3,3,3,3,3,2,3,5,4,4,Hybrid,2,1,34,3,2
"Monroe, Peter",2,Needs Improvement,1,157000,0,13,IT Manager - Infra,MA,2134,10/5/1986,Married,Eligible NonCitizen,Yes,Black or African American,2/15/2012,,N/A-StillEmployed,Active,IT/IS,Diversity Job Fair,2.39,3,6,4,13,1,4,3,4,5,3,4,2,1,2,4,3,2,Fully Remote,4,3,38,3,2
"Monterro, Luisa",4,Exceeds,0,72460,0,20,Production Technician II,MA,2126,4/24/1970,Single,US Citizen,No,Black or African American,5/13/2013,,N/A-StillEmployed,Active,Production,Indeed,4.7,3,0,0,1,0,4,3,4,2,5,4,3,2,2,2,3,4,On-site,1,1,70,4,3
"Moran, Patrick",3,Fully Meets,1,72106,0,20,Production Technician II,MA,2127,12/3/1976,Single,US Citizen,No,Black or African American,1/9/2012,,N/A-StillEmployed,Active,Production,Diversity Job Fair,4.1,4,0,0,12,0,8,4,2,4,3,4,3,4,1,3,4,3,On-site,3,3,59,3,4
"Morway, Tanya",3,Fully Meets,0,52599,0,15,Network Engineer,MA,2048,4/4/1979,Married,US Citizen,No,White,2/16/2015,,N/A-StillEmployed,Active,IT/IS,CareerBuilder,3.81,3,6,0,6,1,5,2,4,3,4,3,3,2,2,2,4,3,Hybrid,4,3,129,4,4
"Motlagh, Dawn",3,Fully Meets,0,63430,0,19,Production Technician I,MA,2453,7/7/1984,Divorced,US Citizen,No,White,4/1/2013,,N/A-StillEmployed,Active,Production,LinkedIn,4.4,4,0,0,18,0,4,4,3,3,3,4,4,4,2,4,3,4,On-site,1,1,57,3,2
"Moumanil, Maliki",3,Fully Meets,1,74417,0,20,Production Technician II,MA,1460,12/1/1974,Separated,US Citizen,No,Black or African American,5/13/2013,,N/A-StillEmployed,Active,Production,LinkedIn,4.29,5,0,0,11,0,4,4,3,3,2,2,4,4,3,4,3,3,On-site,2,1,17,2,3
"Myers, Michael",3,Fully Meets,1,57575,0,19,Production Technician I,MA,1550,4/18/1980,Single,US Citizen,No,Asian,7/8/2013,,N/A-StillEmployed,Active,Production,LinkedIn,4.1,4,0,0,13,0,8,3,4,4,3,4,3,3,2,3,3,3,On-site,3,3,48,3,3
"Navathe, Kurt",3,Fully Meets,1,87921,0,22,Senior BI Developer,MA,2056,4/25/1970,Single,US Citizen,No,Asian,2/10/2017,,N/A-StillEmployed,Active,IT/IS,Indeed,5,3,6,0,17,0,4,4,3,4,2,3,3,4,1,3,3,3,On-site,3,4,85,2,4
"Ndzi, Colombui",3,Fully Meets,1,50470,1,19,Production Technician I,MA,2110,5/2/1989,Single,US Citizen,No,Black or African American,9/26/2011,4/4/2018,return to school,Voluntarily Terminated,Production,Diversity Job Fair,4.3,3,0,0,19,0,6,2,3,2,2,2,1,1,2,2,4,3,On-site,3,2,71,3,3
"Ndzi, Horia",3,Fully Meets,1,46664,1,19,Production Technician I,MA,2421,3/28/1983,Married,US Citizen,No,White,4/1/2013,5/25/2020,more money,Voluntarily Terminated,Production,Employee Referral,3.18,3,0,0,10,0,3,3,3,4,3,1,1,1,1,2,2,2,On-site,1,1,64,3,3
"Newman, Richard",3,Fully Meets,1,48495,0,19,Production Technician I,MA,2136,4/8/1977,Married,US Citizen,No,White,5/12/2014,,N/A-StillEmployed,Active,Production,LinkedIn,5,5,0,0,11,0,6,4,5,5,4,4,4,3,5,5,4,5,On-site,2,2,79,3,3
"Ngodup, Shari",4,Exceeds,0,52984,0,19,Production Technician I,MA,1810,6/3/1967,Separated,US Citizen,No,Black or African American,4/1/2013,,N/A-StillEmployed,Active,Production,Diversity Job Fair,4,3,0,0,12,0,5,3,3,1,3,3,2,1,4,4,4,2,Hybrid,2,2,68,3,3
"Nguyen, Dheepa",3,Fully Meets,0,63695,0,3,Area Sales Manager,GA,30428,3/31/1989,Single,US Citizen,No,Two or more races,7/8/2013,,N/A-StillEmployed,Active,Sales,Indeed,5,5,0,0,2,0,5,1,4,3,2,4,4,3,5,5,4,3,Hybrid,2,2,57,5,3
"Nguyen, Lei-Ming",3,Fully Meets,0,62061,0,19,Production Technician I,MA,2132,7/7/1984,Single,US Citizen,No,White,7/8/2013,,N/A-StillEmployed,Active,Production,LinkedIn,3.6,5,0,0,4,0,5,4,4,3,3,5,3,2,4,3,4,2,On-site,2,1,75,4,2
"Nowlan, Kristie",3,Fully Meets,0,66738,0,20,Production Technician II,MA,1040,#########,Single,US Citizen,No,White,#########,,N/A-StillEmployed,Active,Production,Indeed,4.53,5,0,0,5,0,5,3,4,2,2,4,3,2,4,3,5,3,On-site,2,2,43,4,2
"O'hare, Lynn",1,PIP,0,52674,1,19,Production Technician I,MA,2152,9/30/1980,Single,US Citizen,No,Two or more races,3/31/2014,5/1/2022,performance,Terminated for Cause,Production,LinkedIn,2.33,2,0,6,3,0,9,4,2,1,1,2,2,1,1,1,2,2,Fully Remote,3,2,37,2,2
"Oliver, Brooke",3,Fully Meets,0,71966,1,20,Production Technician II,MA,2492,2/11/1952,Married,US Citizen,No,Asian,5/14/2012,8/19/2017,unhappy,Voluntarily Terminated,Production,LinkedIn,5,3,0,0,17,0,4,2,1,2,2,3,3,2,2,2,3,3,Hybrid,2,2,38,4,2
"Onque, Jasmine",3,Fully Meets,0,63051,0,3,Area Sales Manager,FL,33174,5/11/1990,Single,US Citizen,Yes,White,9/30/2013,,N/A-StillEmployed,Active,Sales,Indeed,4.28,3,0,0,1,0,4,3,4,3,3,4,3,1,4,4,3,2,Hybrid,1,1,33,3,3
"Osturnka, Adeel",4,Exceeds,1,47414,0,19,Production Technician I,MA,2478,#########,Married,US Citizen,No,White,9/30/2013,,N/A-StillEmployed,Active,Production,LinkedIn,5,3,0,0,13,0,7,3,4,5,4,2,1,2,3,2,4,4,Fully Remote,3,2,80,3,5
"Owad, Clinton",2,Needs Improvement,1,53060,0,19,Production Technician I,MA,1760,#########,Single,US Citizen,No,Black or African American,2/17/2014,,N/A-StillEmployed,Active,Production,LinkedIn,4.25,3,0,4,6,0,6,3,4,3,2,5,4,3,4,5,4,4,Hybrid,2,2,21,3,3
"Ozark, Travis",3,Fully Meets,1,68829,0,3,Area Sales Manager,NC,27229,5/19/1982,Single,US Citizen,No,White,1/5/2015,,N/A-StillEmployed,Active,Sales,Website,5,5,0,0,18,0,6,4,3,4,4,3,4,5,3,5,4,4,Hybrid,3,2,52,3,2
"Panjwani, Nina",3,Fully Meets,0,63515,1,19,Production Technician I,MA,2351,5/1/1979,Married,US Citizen,No,White,2/7/2011,1/12/2018,Another position,Voluntarily Terminated,Production,Google Search,3.89,4,0,0,7,0,2,4,4,1,2,4,2,1,2,1,3,3,On-site,2,1,14,3,2
"Patronick, Lucas",4,Exceeds,1,108987,1,24,Software Engineer,MA,1844,2/20/1979,Single,US Citizen,No,Black or African American,11/7/2011,9/7/2019,Another position,Voluntarily Terminated,Software Engineering,Diversity Job Fair,5,5,3,0,13,0,8,4,2,4,3,3,2,3,2,3,3,3,Hybrid,5,5,96,3,5
"Pearson, Randall",3,Fully Meets,1,93093,1,9,Data Analyst,MA,2747,9/5/1984,Married,US Citizen,No,White,12/1/2014,5/1/2020,performance,Voluntarily Terminated,IT/IS,Employee Referral,4.7,4,5,0,19,1,3,3,3,4,3,1,2,2,2,4,3,2,Fully Remote,3,3,98,4,2
"Smith, Martin",2,Needs Improvement,1,53564,1,19,Production Technician I,MA,2458,3/17/1988,Single,US Citizen,No,Black or African American,1/10/2011,#########,career change,Voluntarily Terminated,Production,Google Search,3.54,5,0,4,15,0,4,3,2,3,1,1,3,4,1,3,2,3,On-site,1,1,13,3,2
"Pelletier, Ermine",2,Needs Improvement,0,60270,1,20,Production Technician II,MA,2472,7/18/1989,Married,US Citizen,No,Asian,7/5/2011,9/15/2019,unhappy,Voluntarily Terminated,Production,CareerBuilder,2.4,5,0,5,2,0,1,2,3,2,2,2,2,1,3,3,1,2,Hybrid,1,1,10,4,2
"Perry, Shakira",3,Fully Meets,0,45998,1,19,Production Technician I,MA,2176,7/20/1986,Single,US Citizen,No,White,5/16/2011,#########,medical issues,Voluntarily Terminated,Production,LinkedIn,3.45,4,0,0,5,0,2,4,3,2,3,3,3,1,2,2,2,3,On-site,1,1,37,4,2
"Peters, Lauren",4,Exceeds,0,57954,1,20,Production Technician II,MA,1886,8/17/1986,Married,US Citizen,No,White,5/16/2011,2/4/2017,more money,Voluntarily Terminated,Production,Indeed,4.2,5,0,0,12,0,8,4,1,3,3,3,2,3,2,3,3,1,On-site,3,2,94,3,4
"Peterson, Ebonee",3,Fully Meets,0,74669,1,18,Production Manager,MA,2030,5/9/1977,Married,US Citizen,No,White,#########,5/18/2020,Another position,Voluntarily Terminated,Production,Indeed,4.16,5,0,0,6,1,2,3,3,2,3,4,2,1,4,4,2,3,On-site,2,1,57,4,2
"Petingill, Shana",3,Fully Meets,0,74226,0,20,Production Technician II,MA,2050,3/10/1979,Married,Eligible NonCitizen,No,Asian,4/2/2012,,N/A-StillEmployed,Active,Production,LinkedIn,4.3,3,0,0,14,0,4,3,3,4,4,5,3,2,3,2,3,4,On-site,2,2,66,2,3
"Petrowsky, Thelma",4,Exceeds,0,93554,0,9,Data Analyst,MA,1886,9/16/1984,Married,US Citizen,No,Black or African American,#########,,N/A-StillEmployed,Active,IT/IS,Employee Referral,4.6,5,7,0,16,1,5,3,3,4,5,3,3,4,3,4,3,4,Hybrid,4,3,87,3,4
"Pham, Hong",3,Fully Meets,1,64724,1,19,Production Technician I,MA,2451,3/6/1988,Married,US Citizen,No,Asian,7/5/2011,#########,more money,Voluntarily Terminated,Production,Google Search,5,3,0,0,13,0,4,4,2,4,3,4,3,2,2,4,2,2,On-site,1,1,103,2,3
"Pitt, Brad",3,Fully Meets,1,47001,0,19,Production Technician I,MA,2451,#########,Single,US Citizen,No,White,11/5/2007,,N/A-StillEmployed,Active,Production,Google Search,3.66,3,0,0,15,0,8,3,4,2,2,3,1,1,3,3,3,3,Fully Remote,3,3,47,3,2
"Potts, Xana",3,Fully Meets,0,61844,0,3,Area Sales Manager,KY,40220,8/29/1988,Married,US Citizen,No,Black or African American,1/9/2012,,N/A-StillEmployed,Active,Sales,Website,4.2,5,0,0,9,0,5,3,2,3,3,4,4,4,3,3,3,3,Hybrid,2,2,58,4,2
"Power, Morissa",3,Fully Meets,0,46799,1,19,Production Technician I,MA,1742,#########,Divorced,Eligible NonCitizen,No,Asian,5/16/2011,6/4/2022,Another position,Voluntarily Terminated,Production,Google Search,3.17,4,0,0,14,0,7,2,2,2,4,2,3,2,2,2,2,2,Hybrid,3,2,41,4,3
"Punjabhi, Louis",3,Fully Meets,1,59472,0,19,Production Technician I,MA,2109,6/19/1961,Single,US Citizen,No,White,1/6/2014,,N/A-StillEmployed,Active,Production,Employee Referral,4.8,3,0,0,14,0,7,3,3,3,1,3,2,3,2,3,4,2,Hybrid,3,2,72,3,3
"Purinton, Janine",3,Fully Meets,0,46430,1,19,Production Technician I,MA,2474,9/22/1970,Divorced,US Citizen,No,White,9/24/2012,6/18/2017,unhappy,Voluntarily Terminated,Production,Indeed,4.5,5,0,0,16,0,5,5,1,2,2,2,4,3,3,3,3,1,On-site,2,2,55,2,3
"Quinn, Sean",3,Fully Meets,1,83363,1,23,Software Engineer,MA,2045,11/6/1984,Married,Eligible NonCitizen,No,Black or African American,2/21/2011,8/15/2019,career change,Voluntarily Terminated,Software Engineering,Diversity Job Fair,4.15,4,0,0,4,1,4,4,2,2,2,1,2,2,1,3,3,4,Hybrid,3,2,56,4,2
"Rachael, Maggie",3,Fully Meets,0,95920,0,4,BI Developer,MA,2110,5/12/1980,Married,US Citizen,No,Black or African American,10/2/2016,,N/A-StillEmployed,Active,IT/IS,Indeed,4.4,4,6,0,10,0,7,2,2,3,3,5,3,3,2,2,3,2,On-site,5,5,111,4,4
"Rarrick, Quinn",3,Fully Meets,1,61729,1,19,Production Technician I,MA,2478,#########,Divorced,US Citizen,No,White,9/26/2011,4/7/2022,more money,Voluntarily Terminated,Production,Indeed,3.8,5,0,0,19,0,2,4,3,3,2,5,2,2,3,4,4,2,On-site,1,1,31,3,2
"Ren, Kylo",3,Fully Meets,1,61809,0,3,Area Sales Manager,ID,83706,#########,Married,US Citizen,No,White,5/12/2014,,N/A-StillEmployed,Active,Sales,CareerBuilder,3.98,3,0,0,4,0,5,4,3,5,3,1,2,3,2,3,3,2,On-site,2,2,60,3,3
"Rhoads, Thomas",3,Fully Meets,1,45115,1,19,Production Technician I,MA,2176,7/22/1982,Divorced,US Citizen,Yes,White,5/16/2011,1/15/2020,retiring,Voluntarily Terminated,Production,LinkedIn,5,4,0,0,11,0,7,1,2,2,1,4,2,3,1,2,3,3,On-site,2,2,41,3,3
"Rivera, Haley",4,Exceeds,0,46738,0,19,Production Technician I,MA,2171,1/12/1973,Married,US Citizen,No,Asian,#########,,N/A-StillEmployed,Active,Production,Google Search,4.36,5,0,0,16,1,3,3,2,4,5,4,3,4,2,2,4,4,On-site,2,1,84,3,3
"Roberson, May",3,Fully Meets,0,64971,1,20,Production Technician II,MA,1902,9/5/1981,Divorced,Eligible NonCitizen,No,Black or African American,9/26/2011,#########,return to school,Voluntarily Terminated,Production,Google Search,4.5,4,0,0,10,0,5,3,5,2,2,4,3,1,3,3,3,3,On-site,2,2,90,4,3
"Robertson, Peter",3,Fully Meets,1,55578,1,20,Production Technician II,MA,2138,7/3/1972,Married,US Citizen,No,White,7/5/2011,2/8/2016,Another position,Voluntarily Terminated,Production,Indeed,4.2,5,0,0,13,0,4,1,2,4,2,2,3,3,2,4,3,2,Hybrid,1,1,64,4,2
"Robinson, Alain",3,Fully Meets,1,50428,1,19,Production Technician I,MA,1420,1/7/1974,Married,US Citizen,No,Black or African American,1/10/2011,1/26/2020,attendance,Voluntarily Terminated,Production,Indeed,5,3,0,0,11,0,6,5,4,3,3,3,1,1,2,4,4,4,On-site,2,1,61,2,3
"Robinson, Cherly",2,Needs Improvement,0,61422,1,19,Production Technician I,MA,1460,1/7/1985,Married,US Citizen,No,White,1/10/2011,5/17/2020,attendance,Terminated for Cause,Production,Indeed,3.6,3,0,4,16,0,1,4,2,1,2,3,3,1,1,1,2,3,On-site,1,1,1,1,2
"Robinson, Elias",4,Exceeds,1,63353,0,19,Production Technician I,MA,1730,1/28/1985,Widowed,US Citizen,No,White,7/8/2013,,N/A-StillEmployed,Active,Production,Employee Referral,3.6,5,0,0,4,0,7,3,4,4,3,3,1,3,2,2,3,3,Fully Remote,3,3,81,4,3
"Roby, Lori",3,Fully Meets,0,89883,0,9,Data Analyst,MA,1886,#########,Married,US Citizen,No,White,2/16/2015,,N/A-StillEmployed,Active,IT/IS,Employee Referral,3.69,5,6,0,15,1,4,2,3,4,4,4,3,3,2,3,4,4,Hybrid,3,3,103,3,4
"Roehrich, Bianca",3,Fully Meets,0,120000,1,29,Principal Data Architect,MA,2703,5/27/1973,Single,US Citizen,Yes,White,1/5/2015,#########,Another position,Voluntarily Terminated,IT/IS,LinkedIn,3.88,3,7,0,12,1,2,2,3,1,2,2,1,1,1,1,4,3,Fully Remote,3,1,103,4,3
"Roper, Katie",3,Fully Meets,0,150290,0,7,Data Architect,MA,2056,#########,Single,US Citizen,No,Black or African American,1/7/2017,,N/A-StillEmployed,Active,IT/IS,Indeed,4.94,3,5,0,17,0,5,2,2,2,4,4,4,3,2,2,3,4,On-site,4,4,53,3,4
"Rose, Ashley",3,Fully Meets,0,60627,0,19,Production Technician I,MA,1886,12/5/1974,Separated,US Citizen,No,White,1/6/2014,,N/A-StillEmployed,Active,Production,Website,5,4,0,0,8,0,3,3,4,3,3,5,4,3,4,4,4,4,On-site,2,1,53,3,2
"Rossetti, Bruno",3,Fully Meets,1,53180,1,19,Production Technician I,MA,2155,3/18/1987,Single,US Citizen,No,White,4/4/2011,8/13/2022,Another position,Voluntarily Terminated,Production,Google Search,5,5,0,0,4,0,1,3,3,3,1,2,3,2,3,5,4,4,On-site,1,1,8,4,1
"Roup,Simon",3,Fully Meets,1,140920,0,13,IT Manager - DB,MA,2481,4/5/1973,Single,US Citizen,No,White,1/20/2013,,N/A-StillEmployed,Active,IT/IS,Indeed,3.6,5,7,0,13,1,8,4,5,4,2,3,2,3,2,4,4,3,Hybrid,4,5,157,3,4
"Ruiz, Ricardo",3,Fully Meets,1,148999,1,13,IT Manager - DB,MA,1915,1/4/1964,Divorced,US Citizen,No,Black or African American,1/9/2012,11/4/2019,hours,Voluntarily Terminated,IT/IS,Diversity Job Fair,4.3,4,6,0,8,1,3,2,2,2,3,2,3,2,2,4,2,2,Fully Remote,4,2,79,4,2
"Saada, Adell",3,Fully Meets,0,86214,0,24,Software Engineer,MA,2132,7/24/1986,Married,US Citizen,No,White,11/5/2012,,N/A-StillEmployed,Active,Software Engineering,Indeed,4.2,3,6,0,2,0,8,4,1,3,3,3,3,4,1,1,3,3,On-site,5,4,100,3,4
"Saar-Beckles, Melinda",2,Needs Improvement,0,47750,0,19,Production Technician I,MA,1801,6/6/1968,Single,US Citizen,No,Black or African American,7/4/2016,,N/A-StillEmployed,Active,Production,Diversity Job Fair,2.6,4,0,5,4,0,7,3,2,2,1,4,2,2,2,1,3,1,On-site,2,1,60,4,1
"Sadki, Nore",3,Fully Meets,1,46428,1,19,Production Technician I,MA,2148,#########,Single,US Citizen,No,White,1/5/2009,7/30/2022,relocation out of area,Voluntarily Terminated,Production,Google Search,4.6,5,0,0,7,0,4,1,2,2,2,3,2,3,1,2,4,4,On-site,2,2,39,4,3
"Sahoo, Adil",3,Fully Meets,1,57975,0,20,Production Technician II,MA,2062,4/26/1986,Married,US Citizen,No,White,8/30/2010,,N/A-StillEmployed,Active,Production,CareerBuilder,4.1,3,0,0,13,0,6,4,5,4,4,4,2,2,3,5,3,4,On-site,2,2,61,2,4
"Salter, Jason",3,Fully Meets,1,88527,1,9,Data Analyst,MA,2452,#########,Divorced,US Citizen,No,Black or African American,1/5/2015,#########,hours,Voluntarily Terminated,IT/IS,LinkedIn,4.2,3,5,0,2,1,4,2,3,2,1,3,1,1,2,3,2,3,On-site,3,2,123,4,2
"Sander, Kamrin",3,Fully Meets,0,56147,0,19,Production Technician I,MA,2154,7/10/1988,Married,US Citizen,No,Black or African American,9/29/2014,,N/A-StillEmployed,Active,Production,LinkedIn,3.51,3,0,0,2,0,1,4,2,4,3,4,3,2,2,3,3,2,On-site,1,1,41,3,2
"Sewkumar, Nori",3,Fully Meets,0,50923,0,19,Production Technician I,MA,2191,3/10/1975,Single,US Citizen,No,Asian,9/30/2013,,N/A-StillEmployed,Active,Production,Google Search,5,5,0,0,14,1,4,3,4,3,3,5,4,3,4,5,5,4,On-site,1,1,77,4,3
"Shepard, Anita",3,Fully Meets,0,50750,0,15,Network Engineer,MA,1773,4/14/1981,Married,US Citizen,No,White,9/30/2014,,N/A-StillEmployed,Active,IT/IS,LinkedIn,3.31,3,6,0,7,1,6,4,3,2,3,4,2,2,3,2,3,3,On-site,3,3,76,3,4
"Shields, Seffi",3,Fully Meets,0,52087,0,19,Production Technician I,MA,2149,8/24/1985,Married,US Citizen,No,White,8/19/2013,,N/A-StillEmployed,Active,Production,LinkedIn,4.81,4,0,0,15,0,1,4,4,2,3,5,3,2,3,3,3,4,On-site,1,1,11,3,2
"Simard, Kramer",3,Fully Meets,1,87826,0,9,Data Analyst,MA,2110,2/8/1970,Married,US Citizen,Yes,White,1/5/2015,,N/A-StillEmployed,Active,IT/IS,Employee Referral,3.32,3,7,0,16,1,8,2,2,3,1,4,2,2,1,3,4,2,Fully Remote,5,4,145,4,4
"Singh, Nan",3,Fully Meets,0,51920,0,2,Administrative Assistant,MA,2330,5/19/1988,Single,US Citizen,No,White,5/1/2015,,N/A-StillEmployed,Active,Admin Offices,Website,5,3,5,0,2,1,1,4,3,2,2,4,3,2,4,3,3,2,On-site,1,1,91,3,2
"Sloan, Constance",3,Fully Meets,0,63878,1,20,Production Technician II,MA,1851,#########,Single,US Citizen,No,White,#########,4/8/2019,maternity leave - did not return,Voluntarily Terminated,Production,CareerBuilder,4.68,4,0,0,20,0,4,3,3,2,3,3,3,1,3,3,3,3,On-site,2,1,59,3,3
"Smith, Joe",4,Exceeds,1,60656,0,20,Production Technician II,MA,2045,#########,Single,US Citizen,No,White,9/29/2014,,N/A-StillEmployed,Active,Production,Indeed,4.3,3,0,0,4,0,9,3,2,4,4,2,3,3,1,4,4,2,On-site,3,2,102,4,4
"Smith, John",2,Needs Improvement,1,72992,0,21,Sales Manager,MA,1886,8/16/1984,Divorced,US Citizen,No,Black or African American,5/18/2014,,N/A-StillEmployed,Active,Sales,Diversity Job Fair,2.4,4,0,2,16,0,5,4,3,3,3,4,3,3,2,5,3,3,Hybrid,2,1,55,3,2
"Smith, Leigh Ann",3,Fully Meets,0,55000,1,2,Administrative Assistant,MA,1844,6/14/1987,Married,US Citizen,No,Black or African American,9/26/2011,9/25/2017,career change,Voluntarily Terminated,Admin Offices,Diversity Job Fair,3.8,4,4,0,17,1,3,4,2,2,2,2,2,2,1,1,2,2,Fully Remote,2,1,79,3,3
"Smith, Sade",3,Fully Meets,0,58939,0,19,Production Technician I,MA,2130,2/2/1965,Single,US Citizen,No,White,#########,,N/A-StillEmployed,Active,Production,Employee Referral,3.73,3,0,0,16,0,4,4,4,3,4,2,3,2,2,2,4,3,On-site,2,2,47,2,3
"Soto, Julia",3,Fully Meets,0,66593,0,14,IT Support,MA,2360,3/12/1973,Married,US Citizen,No,Black or African American,6/10/2011,,N/A-StillEmployed,Active,IT/IS,LinkedIn,4.3,3,5,0,19,1,3,3,2,4,4,3,4,1,4,4,3,3,On-site,3,2,69,3,4
"Soze, Keyser",3,Fully Meets,1,87565,0,28,Sr. Network Engineer,MA,1545,2/9/1983,Married,US Citizen,No,Asian,6/30/2016,,N/A-StillEmployed,Active,IT/IS,LinkedIn,3.27,4,5,0,13,1,6,4,3,3,4,2,4,3,2,5,4,3,Fully Remote,4,3,79,3,4
"Sparks, Taylor",1,PIP,0,64021,0,19,Production Technician I,MA,2093,7/20/1968,Married,US Citizen,No,White,2/20/2012,,N/A-StillEmployed,Active,Production,Indeed,2.4,2,1,6,20,0,6,3,2,2,2,3,3,1,3,3,2,2,On-site,2,3,0,2,2
"Spirea, Kelley",3,Fully Meets,0,65714,0,18,Production Manager,MA,2451,9/30/1975,Married,US Citizen,No,White,10/2/2012,,N/A-StillEmployed,Active,Production,LinkedIn,4.83,5,0,0,15,1,3,3,3,3,4,5,4,4,3,3,3,4,On-site,1,1,47,3,3
"Squatrito, Kristen",4,Exceeds,0,62425,1,19,Production Technician I,MA,2359,3/26/1973,Divorced,US Citizen,No,White,5/13/2013,6/29/2019,unhappy,Voluntarily Terminated,Production,LinkedIn,4.1,4,0,0,16,0,1,4,3,2,3,1,2,1,2,1,2,2,On-site,1,1,81,3,4
"Stanford,Barbara M",3,Fully Meets,0,47961,0,19,Production Technician I,MA,2050,8/25/1982,Divorced,US Citizen,No,Two or more races,1/10/2011,,N/A-StillEmployed,Active,Production,Google Search,4.1,4,0,0,9,0,8,2,2,3,3,4,3,4,2,2,2,3,On-site,3,4,33,4,2
"Stansfield, Norman",1,PIP,1,58273,0,3,Area Sales Manager,NV,89139,5/9/1974,Married,US Citizen,No,White,5/12/2014,,N/A-StillEmployed,Active,Sales,Website,1.81,2,0,3,5,0,9,5,2,3,2,1,1,2,1,1,2,2,Hybrid,3,2,23,3,2
"Steans, Tyrone",3,Fully Meets,1,63003,0,1,Accountant I,MA,2703,9/1/1986,Single,US Citizen,No,White,9/29/2014,,N/A-StillEmployed,Active,Admin Offices,Indeed,3.9,5,5,0,9,1,4,2,2,3,2,4,4,5,2,4,4,3,Hybrid,2,1,69,5,4
"Stoica, Rick",3,Fully Meets,1,61355,0,19,Production Technician I,MA,2301,3/14/1985,Married,US Citizen,No,Asian,2/17/2014,,N/A-StillEmployed,Active,Production,LinkedIn,4.7,3,0,0,4,0,7,3,3,5,4,4,4,3,3,5,4,4,Hybrid,3,2,47,3,3
"Strong, Caitrin",3,Fully Meets,0,60120,0,3,Area Sales Manager,MT,59102,5/12/1989,Married,US Citizen,No,Black or African American,9/27/2010,,N/A-StillEmployed,Active,Sales,Indeed,4.1,4,0,0,18,0,4,3,3,4,5,3,3,4,2,4,3,3,On-site,2,1,48,3,4
"Sullivan, Kissy",3,Fully Meets,0,63682,0,18,Production Manager,MA,1776,3/28/1978,Married,US Citizen,No,Black or African American,1/8/2009,,N/A-StillEmployed,Active,Production,Indeed,3.73,4,0,0,12,1,5,4,3,3,3,2,3,3,2,2,4,3,On-site,2,2,60,3,3
"Sullivan, Timothy",3,Fully Meets,1,63025,0,19,Production Technician I,MA,2747,10/7/1982,Married,US Citizen,Yes,White,1/5/2015,,N/A-StillEmployed,Active,Production,Google Search,4.36,5,0,0,10,0,6,3,3,5,3,2,3,5,2,5,4,4,On-site,3,2,76,4,4
"Sutwell, Barbara",3,Fully Meets,0,59238,0,19,Production Technician I,MA,2718,8/15/1968,Single,Eligible NonCitizen,No,Asian,5/14/2012,,N/A-StillEmployed,Active,Production,Indeed,3.4,5,0,0,13,0,2,3,3,3,3,3,3,2,3,2,4,3,On-site,1,1,65,3,2
"Szabo, Andrew",4,Exceeds,1,92989,0,24,Software Engineer,MA,2140,5/6/1983,Single,US Citizen,No,White,7/7/2014,,N/A-StillEmployed,Active,Software Engineering,LinkedIn,4.5,5,5,0,1,0,3,4,4,4,3,4,2,3,3,4,4,4,Hybrid,4,3,40,4,4
"Tannen, Biff",3,Fully Meets,1,90100,0,4,BI Developer,MA,2134,#########,Married,US Citizen,No,White,4/20/2017,,N/A-StillEmployed,Active,IT/IS,Indeed,3.4,3,6,0,14,0,9,4,3,4,4,1,3,3,2,3,3,2,Hybrid,5,5,86,2,5
"Tavares, Desiree",3,Fully Meets,0,60754,1,19,Production Technician I,MA,1801,4/3/1975,Married,Non-Citizen,No,Black or African American,4/27/2009,4/1/2017,Another position,Voluntarily Terminated,Production,Diversity Job Fair,4.5,5,0,0,11,0,2,3,3,3,3,2,3,2,3,3,3,3,On-site,2,1,36,3,2
"Tejeda, Lenora",3,Fully Meets,0,72202,1,20,Production Technician II,MA,2129,5/24/1953,Married,US Citizen,No,White,5/16/2011,7/8/2021,Another position,Voluntarily Terminated,Production,Google Search,3.93,3,0,0,3,0,2,4,2,2,3,3,2,2,1,1,3,2,On-site,1,1,57,3,3
"Terry, Sharlene",3,Fully Meets,0,58370,0,3,Area Sales Manager,OR,97756,5/7/1965,Single,US Citizen,No,Black or African American,9/29/2014,,N/A-StillEmployed,Active,Sales,Indeed,3.69,3,0,0,18,0,6,3,2,2,3,4,4,1,3,3,3,2,Hybrid,3,3,45,3,2
"Theamstern, Sophia",3,Fully Meets,0,48413,1,19,Production Technician I,MA,2066,5/9/1965,Single,US Citizen,No,White,7/5/2011,9/5/2020,return to school,Voluntarily Terminated,Production,Indeed,3.98,4,0,0,1,0,7,2,3,2,2,3,3,1,3,4,4,3,On-site,2,2,59,4,3
"Thibaud, Kenneth",3,Fully Meets,1,67176,1,20,Production Technician II,MA,2472,9/16/1975,Widowed,US Citizen,No,White,6/25/2007,8/30/2014,military,Voluntarily Terminated,Production,Other,4.1,4,0,0,15,0,3,2,2,4,3,2,2,3,1,1,3,3,On-site,2,1,16,3,2
"Tippett, Jeanette",3,Fully Meets,0,56339,0,19,Production Technician I,MA,2093,6/5/1967,Divorced,US Citizen,No,Black or African American,2/18/2013,,N/A-StillEmployed,Active,Production,Indeed,4.21,5,0,0,4,0,4,3,4,4,3,3,3,2,4,4,3,3,On-site,1,1,14,4,1
"Torrence, Jack",4,Exceeds,1,64397,0,3,Area Sales Manager,ND,58782,1/15/1968,Separated,US Citizen,No,White,1/9/2006,,N/A-StillEmployed,Active,Sales,Indeed,4.1,3,0,0,6,0,9,4,2,4,5,3,2,3,1,2,3,3,Hybrid,4,3,118,3,5
"Trang, Mei",2,Needs Improvement,0,63025,0,19,Production Technician I,MA,2021,5/16/1983,Single,US Citizen,No,White,2/17/2014,,N/A-StillEmployed,Active,Production,LinkedIn,2.44,5,0,4,18,0,2,2,3,3,2,1,4,3,4,5,3,2,Hybrid,1,1,0,4,2
"Tredinnick, Neville",3,Fully Meets,1,75281,1,15,Network Engineer,MA,1420,5/5/1988,Married,US Citizen,No,White,1/5/2015,2/12/2020,medical issues,Voluntarily Terminated,IT/IS,CareerBuilder,5,3,5,0,11,1,6,3,1,4,3,4,2,2,2,3,3,3,Hybrid,3,4,151,2,4
"True, Edward",3,Fully Meets,1,100416,1,24,Software Engineer,MA,2451,6/14/1983,Single,Non-Citizen,No,Black or African American,2/18/2013,4/15/2022,medical issues,Voluntarily Terminated,Software Engineering,Diversity Job Fair,4.6,3,4,0,9,0,4,4,4,2,2,1,2,2,2,2,4,4,Fully Remote,4,3,79,3,3
"Trzeciak, Cybil",3,Fully Meets,0,74813,1,20,Production Technician II,MA,1778,3/15/1985,Single,US Citizen,No,White,1/10/2011,7/2/2018,unhappy,Voluntarily Terminated,Production,LinkedIn,4.4,3,0,0,5,0,2,4,2,1,1,4,2,1,3,3,2,2,On-site,1,1,48,4,3
"Turpin, Jumil",3,Fully Meets,1,76029,0,15,Network Engineer,MA,2343,3/31/1969,Married,Eligible NonCitizen,No,White,3/30/2015,,N/A-StillEmployed,Active,IT/IS,Employee Referral,5,4,7,0,8,1,5,3,4,5,4,4,4,4,2,4,4,4,Hybrid,4,3,121,3,4
"Valentin,Jackie",3,Fully Meets,0,57859,0,3,Area Sales Manager,AZ,85006,5/23/1991,Married,US Citizen,No,Two or more races,7/5/2011,,N/A-StillEmployed,Active,Sales,Indeed,2.81,3,0,0,16,0,2,3,3,3,4,3,2,1,3,2,2,3,Hybrid,3,2,29,3,3
"Veera, Abdellah",4,Exceeds,1,58523,1,19,Production Technician I,MA,2171,1/31/1987,Divorced,US Citizen,No,White,8/13/2012,2/5/2020,maternity leave - did not return,Voluntarily Terminated,Production,LinkedIn,4.5,5,0,0,15,0,6,4,2,4,2,3,1,3,2,4,2,2,On-site,2,2,82,3,3
"Vega, Vincent",3,Fully Meets,1,88976,0,17,Production Manager,MA,2169,#########,Divorced,US Citizen,No,White,8/1/2011,,N/A-StillEmployed,Active,Production,Employee Referral,3.93,3,0,0,19,1,8,4,2,3,2,3,2,3,2,2,2,2,Fully Remote,3,3,86,3,3
"Villanueva, Noah",3,Fully Meets,1,55875,0,3,Area Sales Manager,ME,4063,7/11/1989,Single,US Citizen,No,Asian,3/5/2012,,N/A-StillEmployed,Active,Sales,Website,4.5,4,0,0,11,0,5,4,3,4,3,4,3,4,2,4,4,3,Fully Remote,2,1,61,2,2
"Voldemort, Lord",3,Fully Meets,1,113999,1,8,Database Administrator,MA,1960,8/7/1986,Married,US Citizen,No,Black or African American,2/16/2015,2/22/2021,"no-call, no-show",Terminated for Cause,IT/IS,Employee Referral,4.33,3,7,0,9,1,5,4,3,2,1,2,1,1,2,4,4,3,On-site,3,3,109,2,3
"Volk, Colleen",4,Exceeds,0,49773,1,19,Production Technician I,MA,2747,6/3/1986,Married,US Citizen,No,White,9/26/2011,2/8/2020,gross misconduct,Terminated for Cause,Production,Google Search,4.3,5,0,0,18,0,2,3,4,3,3,3,1,1,3,3,3,3,On-site,2,1,35,3,2
"Von Massenbach, Anna",3,Fully Meets,0,62068,0,19,Production Technician I,MA,2124,4/6/1985,Single,US Citizen,No,White,7/5/2015,,N/A-StillEmployed,Active,Production,LinkedIn,3.21,3,0,0,7,0,1,4,4,2,3,4,3,1,3,4,3,3,Hybrid,1,1,12,3,2
"Walker, Roger",3,Fully Meets,1,66541,0,20,Production Technician II,MA,2459,2/10/1976,Single,US Citizen,No,Black or African American,8/18/2014,,N/A-StillEmployed,Active,Production,Employee Referral,3.11,5,0,0,4,0,8,2,2,5,2,3,3,4,2,3,4,2,On-site,3,3,45,4,2
"Wallace, Courtney E",3,Fully Meets,0,80512,1,18,Production Manager,MA,2478,#########,Married,US Citizen,No,Black or African American,9/26/2011,1/2/2016,Another position,Voluntarily Terminated,Production,Diversity Job Fair,4.5,3,0,0,5,1,1,5,2,3,3,3,2,2,1,1,2,2,On-site,1,1,74,2,2
"Wallace, Theresa",2,Needs Improvement,0,50274,1,19,Production Technician I,MA,1887,8/2/1980,Single,US Citizen,No,White,8/13/2012,9/1/2019,career change,Voluntarily Terminated,Production,CareerBuilder,2.5,3,0,6,13,0,2,3,1,1,2,2,1,1,1,1,2,2,Hybrid,2,1,2,3,1
"Wang, Charlie",3,Fully Meets,1,84903,0,22,Senior BI Developer,MA,1887,7/8/1981,Single,US Citizen,No,Asian,2/15/2017,,N/A-StillEmployed,Active,IT/IS,Indeed,3.42,4,7,0,17,0,9,4,3,4,4,3,3,3,2,4,3,2,Hybrid,4,4,66,3,4
"Warfield, Sarah",3,Fully Meets,0,107226,0,28,Sr. Network Engineer,MA,2453,5/2/1978,Widowed,US Citizen,No,Asian,3/30/2015,,N/A-StillEmployed,Active,IT/IS,Employee Referral,4.2,4,8,0,7,1,4,3,4,3,3,4,2,2,3,4,4,3,Fully Remote,3,3,117,3,3
"Whittier, Scott",3,Fully Meets,1,58371,1,19,Production Technician I,MA,2030,5/24/1987,Single,US Citizen,Yes,White,1/10/2011,5/15/2018,hours,Voluntarily Terminated,Production,LinkedIn,5,5,0,0,11,0,5,4,3,3,2,3,3,4,2,4,3,3,Hybrid,2,1,80,4,3
"Wilber, Barry",3,Fully Meets,1,55140,1,19,Production Technician I,MA,2324,9/9/1965,Married,Eligible NonCitizen,No,White,5/16/2011,9/7/2019,unhappy,Voluntarily Terminated,Production,Website,5,3,0,0,7,0,5,2,2,3,2,3,2,2,2,4,3,2,On-site,2,1,65,4,2
"Wilkes, Annie",3,Fully Meets,0,58062,1,19,Production Technician I,MA,1876,7/30/1983,Divorced,US Citizen,No,White,1/10/2011,5/14/2016,Another position,Voluntarily Terminated,Production,Google Search,3.6,5,0,0,9,0,4,3,3,3,3,4,3,1,3,2,2,3,On-site,2,1,32,3,3
"Williams, Jacquelyn",3,Fully Meets,0,59728,1,19,Production Technician I,MA,2109,10/2/1969,Single,US Citizen,Yes,Black or African American,1/9/2012,6/27/2019,relocation out of area,Voluntarily Terminated,Production,Diversity Job Fair,4.3,4,0,0,16,0,3,2,2,2,2,3,2,1,3,3,3,2,On-site,2,2,8,4,4
"Winthrop, Jordan",4,Exceeds,1,70507,1,20,Production Technician II,MA,2045,11/7/1958,Single,US Citizen,No,White,1/7/2013,2/21/2020,retiring,Voluntarily Terminated,Production,LinkedIn,5,3,0,0,7,0,6,1,2,2,3,4,3,2,3,4,3,1,On-site,3,2,72,4,4
"Wolk, Hang T",3,Fully Meets,0,60446,0,20,Production Technician II,MA,2302,4/20/1985,Single,US Citizen,No,White,9/29/2014,,N/A-StillEmployed,Active,Production,LinkedIn,3.4,4,0,0,14,0,2,2,4,2,3,3,2,1,4,5,3,2,On-site,1,1,31,3,2
"Woodson, Jason",3,Fully Meets,1,65893,0,20,Production Technician II,MA,1810,5/11/1985,Single,US Citizen,No,White,7/7/2014,,N/A-StillEmployed,Active,Production,LinkedIn,04.07,4,0,0,13,0,7,3,3,3,4,4,4,3,3,5,3,4,On-site,2,1,40,3,3
"Ybarra, Catherine",1,PIP,0,48513,1,19,Production Technician I,MA,2458,5/4/1982,Single,US Citizen,No,Asian,9/2/2008,9/29/2019,Another position,Voluntarily Terminated,Production,Google Search,3.2,2,0,5,4,0,6,2,2,1,1,1,2,1,1,1,3,2,On-site,2,1,26,4,1
"Zamora, Jennifer",4,Exceeds,0,220450,0,6,CIO,MA,2067,8/30/1979,Single,US Citizen,No,White,4/10/2010,,N/A-StillEmployed,Active,IT/IS,Employee Referral,4.6,5,6,0,16,1,5,3,2,3,3,2,3,4,2,2,4,3,On-site,4,4,161,3,4
"Zhou, Julia",3,Fully Meets,0,89292,0,9,Data Analyst,MA,2148,2/24/1979,Single,US Citizen,No,White,3/30/2015,,N/A-StillEmployed,Active,IT/IS,Employee Referral,5,3,5,0,11,1,7,2,2,2,3,4,4,4,2,2,3,3,Fully Remote,4,4,114,4,4
"Zima, Colleen",3,Fully Meets,0,45046,0,19,Production Technician I,MA,1730,8/17/1978,Widowed,US Citizen,No,Asian,9/29/2014,,N/A-StillEmployed,Active,Production,LinkedIn,4.5,5,0,0,2,0,6,1,4,3,3,5,4,3,3,4,4,4,On-site,3,2,58,4,3